Data Periods,Mode of Travel,Zone ID,Zone Name,Line Zone Length (Miles),Zone Is Pass-Through,Zone Direction (degrees),Zone is Bi-Direction,Year-Month,Day Type,Day Part,Average Daily Segment Traffic (StL Volume),Avg Segment Speed (mph),Avg Segment Travel Time (sec),Free Flow Speed (mph),Free Flow Factor,Vehicle Miles of Travel (StL Volume),Vehicle Hours of Delay (StL Volume),5th Speed Percentile,85th Speed Percentile,95th Speed Percentile
"Jan 01, 2021 - Dec 31, 2021",All Vehicles - StL All Vehicles Volume,N/A,East 77th Street / 165899762 / 1,0.126,yes,90,yes,2021-01,0: All Days (M-Su),0: All Day (12am-12am),214,14,33,19.523,0.715,26.99,0.55,4.000,19.000,21.000
"Jan 01, 2021 - Dec 31, 2021",All Vehicles - StL All Vehicles Volume,N/A,East 77th Street / 165899762 / 1,0.126,yes,90,yes,2021-01,0: All Days (M-Su),1: Early AM (12am-6am),17,15,31,19.523,0.744,2.19,0.04,2.000,19.000,31.000
"Jan 01, 2021 - Dec 31, 2021",All Vehicles - StL All Vehicles Volume,N/A,East 77th Street / 165899762 / 1,0.126,yes,90,yes,2021-01,0: All Days (M-Su),2: Peak AM (6am-10am),32,14,31,19.523,0.739,4.04,0.07,3.000,19.000,20.000
"Jan 01, 2021 - Dec 31, 2021",All Vehicles - StL All Vehicles Volume,N/A,East 77th Street / 165899762 / 1,0.126,yes,90,yes,2021-01,0: All Days (M-Su),3: Mid-Day (10am-3pm),73,14,33,19.523,0.699,9.25,0.20,4.000,20.000,23.000
"Jan 01, 2021 - Dec 31, 2021",All Vehicles - StL All Vehicles Volume,N/A,East 77th Street / 165899762 / 1,0.126,yes,90,yes,2021-01,0: All Days (M-Su),4: Peak PM (3pm-7pm),59,14,34,19.523,0.693,7.48,0.17,4.000,19.000,21.000
"Jan 01, 2021 - Dec 31, 2021",All Vehicles - StL All Vehicles Volume,N/A,East 77th Street / 165899762 / 1,0.126,yes,90,yes,2021-01,0: All Days (M-Su),5: Late PM (7pm-12am),32,15,31,19.523,0.751,4.03,0.07,5.000,18.000,19.000
"Jan 01, 2021 - Dec 31, 2021",All Vehicles - StL All Vehicles Volume,N/A,East 77th Street / 165899762 / 1,0.126,yes,90,yes,2021-01,1: Weekday (M-Th),0: All Day (12am-12am),269,14,32,19.523,0.724,33.94,0.66,4.000,19.000,23.000
"Jan 01, 2021 - Dec 31, 2021",All Vehicles - StL All Vehicles Volume,N/A,East 77th Street / 165899762 / 1,0.126,yes,90,yes,2021-01,1: Weekday (M-Th),1: Early AM (12am-6am),21,14,32,19.523,0.720,2.60,0.05,5.000,17.000,31.000
"Jan 01, 2021 - Dec 31, 2021",All Vehicles - StL All Vehicles Volume,N/A,East 77th Street / 165899762 / 1,0.126,yes,90,yes,2021-01,1: Weekday (M-Th),2: Peak AM (6am-10am),41,14,33,19.523,0.715,5.11,0.10,4.000,19.000,20.000
"Jan 01, 2021 - Dec 31, 2021",All Vehicles - StL All Vehicles Volume,N/A,East 77th Street / 165899762 / 1,0.126,yes,90,yes,2021-01,1: Weekday (M-Th),3: Mid-Day (10am-3pm),96,14,33,19.523,0.707,12.17,0.26,4.000,20.000,23.000
"Jan 01, 2021 - Dec 31, 2021",All Vehicles - StL All Vehicles Volume,N/A,East 77th Street / 165899762 / 1,0.126,yes,90,yes,2021-01,1: Weekday (M-Th),4: Peak PM (3pm-7pm),74,14,31,19.523,0.742,9.33,0.17,4.000,19.000,22.000
"Jan 01, 2021 - Dec 31, 2021",All Vehicles - StL All Vehicles Volume,N/A,East 77th Street / 165899762 / 1,0.126,yes,90,yes,2021-01,1: Weekday (M-Th),5: Late PM (7pm-12am),38,15,31,19.523,0.745,4.73,0.08,6.000,18.000,19.000
"Jan 01, 2021 - Dec 31, 2021",All Vehicles - StL All Vehicles Volume,N/A,East 77th Street / 165899762 / 1,0.126,yes,90,yes,2021-01,2: Weekend (Sa-Su),0: All Day (12am-12am),128,13,34,19.523,0.678,16.13,0.39,4.000,18.000,20.000
"Jan 01, 2021 - Dec 31, 2021",All Vehicles - StL All Vehicles Volume,N/A,East 77th Street / 165899762 / 1,0.126,yes,90,yes,2021-01,2: Weekend (Sa-Su),1: Early AM (12am-6am),10,14,33,19.523,0.696,1.27,0.03,N/A,N/A,N/A
"Jan 01, 2021 - Dec 31, 2021",All Vehicles - StL All Vehicles Volume,N/A,East 77th Street / 165899762 / 1,0.126,yes,90,yes,2021-01,2: Weekend (Sa-Su),2: Peak AM (6am-10am),16,16,29,19.523,0.811,1.98,0.02,10.000,20.000,27.000
"Jan 01, 2021 - Dec 31, 2021",All Vehicles - StL All Vehicles Volume,N/A,East 77th Street / 165899762 / 1,0.126,yes,90,yes,2021-01,2: Weekend (Sa-Su),3: Mid-Day (10am-3pm),45,12,37,19.523,0.630,5.69,0.17,2.000,18.000,20.000
"Jan 01, 2021 - Dec 31, 2021",All Vehicles - StL All Vehicles Volume,N/A,East 77th Street / 165899762 / 1,0.126,yes,90,yes,2021-01,2: Weekend (Sa-Su),4: Peak PM (3pm-7pm),30,12,36,19.523,0.639,3.80,0.11,4.000,19.000,20.000
"Jan 01, 2021 - Dec 31, 2021",All Vehicles - StL All Vehicles Volume,N/A,East 77th Street / 165899762 / 1,0.126,yes,90,yes,2021-01,2: Weekend (Sa-Su),5: Late PM (7pm-12am),27,14,32,19.523,0.721,3.40,0.07,5.000,17.000,19.000
"Jan 01, 2021 - Dec 31, 2021",All Vehicles - StL All Vehicles Volume,N/A,East 77th Street / 165899762 / 2,0.124,yes,90,yes,2021-01,0: All Days (M-Su),0: All Day (12am-12am),77,14,32,25.762,0.549,9.58,0.30,4.000,19.000,21.000
"Jan 01, 2021 - Dec 31, 2021",All Vehicles - StL All Vehicles Volume,N/A,East 77th Street / 165899762 / 2,0.124,yes,90,yes,2021-01,0: All Days (M-Su),1: Early AM (12am-6am),3,16,28,25.762,0.612,0.33,0.01,N/A,N/A,N/A
"Jan 01, 2021 - Dec 31, 2021",All Vehicles - StL All Vehicles Volume,N/A,East 77th Street / 165899762 / 2,0.124,yes,90,yes,2021-01,0: All Days (M-Su),2: Peak AM (6am-10am),11,15,29,25.762,0.597,1.31,0.03,4.000,16.000,18.000
"Jan 01, 2021 - Dec 31, 2021",All Vehicles - StL All Vehicles Volume,N/A,East 77th Street / 165899762 / 2,0.124,yes,90,yes,2021-01,0: All Days (M-Su),3: Mid-Day (10am-3pm),31,13,34,25.762,0.513,3.80,0.14,4.000,19.000,22.000
"Jan 01, 2021 - Dec 31, 2021",All Vehicles - StL All Vehicles Volume,N/A,East 77th Street / 165899762 / 2,0.124,yes,90,yes,2021-01,0: All Days (M-Su),4: Peak PM (3pm-7pm),22,15,30,25.762,0.581,2.70,0.08,6.000,19.000,21.000
"Jan 01, 2021 - Dec 31, 2021",All Vehicles - StL All Vehicles Volume,N/A,East 77th Street / 165899762 / 2,0.124,yes,90,yes,2021-01,0: All Days (M-Su),5: Late PM (7pm-12am),11,14,33,25.762,0.531,1.43,0.05,5.000,18.000,21.000
"Jan 01, 2021 - Dec 31, 2021",All Vehicles - StL All Vehicles Volume,N/A,East 77th Street / 165899762 / 2,0.124,yes,90,yes,2021-01,1: Weekday (M-Th),0: All Day (12am-12am),102,15,30,25.762,0.575,12.74,0.37,5.000,19.000,21.000
"Jan 01, 2021 - Dec 31, 2021",All Vehicles - StL All Vehicles Volume,N/A,East 77th Street / 165899762 / 2,0.124,yes,90,yes,2021-01,1: Weekday (M-Th),1: Early AM (12am-6am),3,15,31,25.762,0.568,0.39,0.01,N/A,N/A,N/A
"Jan 01, 2021 - Dec 31, 2021",All Vehicles - StL All Vehicles Volume,N/A,East 77th Street / 165899762 / 2,0.124,yes,90,yes,2021-01,1: Weekday (M-Th),2: Peak AM (6am-10am),14,15,30,25.762,0.587,1.72,0.05,4.000,18.000,18.000
"Jan 01, 2021 - Dec 31, 2021",All Vehicles - StL All Vehicles Volume,N/A,East 77th Street / 165899762 / 2,0.124,yes,90,yes,2021-01,1: Weekday (M-Th),3: Mid-Day (10am-3pm),43,14,32,25.762,0.536,5.31,0.18,7.000,21.000,26.000
"Jan 01, 2021 - Dec 31, 2021",All Vehicles - StL All Vehicles Volume,N/A,East 77th Street / 165899762 / 2,0.124,yes,90,yes,2021-01,1: Weekday (M-Th),4: Peak PM (3pm-7pm),29,16,28,25.762,0.631,3.59,0.08,11.000,19.000,21.000
"Jan 01, 2021 - Dec 31, 2021",All Vehicles - StL All Vehicles Volume,N/A,East 77th Street / 165899762 / 2,0.124,yes,90,yes,2021-01,1: Weekday (M-Th),5: Late PM (7pm-12am),14,15,31,25.762,0.567,1.72,0.05,5.000,20.000,21.000
"Jan 01, 2021 - Dec 31, 2021",All Vehicles - StL All Vehicles Volume,N/A,East 77th Street / 165899762 / 2,0.124,yes,90,yes,2021-01,2: Weekend (Sa-Su),0: All Day (12am-12am),46,13,35,25.762,0.498,5.68,0.22,4.000,17.000,22.000
"Jan 01, 2021 - Dec 31, 2021",All Vehicles - StL All Vehicles Volume,N/A,East 77th Street / 165899762 / 2,0.124,yes,90,yes,2021-01,2: Weekend (Sa-Su),1: Early AM (12am-6am),2,15,30,25.762,0.578,0.29,0.01,N/A,N/A,N/A
"Jan 01, 2021 - Dec 31, 2021",All Vehicles - StL All Vehicles Volume,N/A,East 77th Street / 165899762 / 2,0.124,yes,90,yes,2021-01,2: Weekend (Sa-Su),2: Peak AM (6am-10am),5,17,27,25.762,0.646,0.57,0.01,N/A,N/A,N/A
"Jan 01, 2021 - Dec 31, 2021",All Vehicles - StL All Vehicles Volume,N/A,East 77th Street / 165899762 / 2,0.124,yes,90,yes,2021-01,2: Weekend (Sa-Su),3: Mid-Day (10am-3pm),20,12,38,25.762,0.452,2.52,0.12,4.000,17.000,19.000
"Jan 01, 2021 - Dec 31, 2021",All Vehicles - StL All Vehicles Volume,N/A,East 77th Street / 165899762 / 2,0.124,yes,90,yes,2021-01,2: Weekend (Sa-Su),4: Peak PM (3pm-7pm),12,13,34,25.762,0.516,1.49,0.05,6.000,24.000,24.000
"Jan 01, 2021 - Dec 31, 2021",All Vehicles - StL All Vehicles Volume,N/A,East 77th Street / 165899762 / 2,0.124,yes,90,yes,2021-01,2: Weekend (Sa-Su),5: Late PM (7pm-12am),6,12,37,25.762,0.473,0.80,0.03,N/A,N/A,N/A
"Jan 01, 2021 - Dec 31, 2021",All Vehicles - StL All Vehicles Volume,N/A,East 77th Street / 165899762 / 1,0.126,yes,90,yes,2021-02,0: All Days (M-Su),0: All Day (12am-12am),202,14,33,21.542,0.639,25.49,0.67,4.000,19.000,21.000
"Jan 01, 2021 - Dec 31, 2021",All Vehicles - StL All Vehicles Volume,N/A,East 77th Street / 165899762 / 1,0.126,yes,90,yes,2021-02,0: All Days (M-Su),1: Early AM (12am-6am),13,15,31,21.542,0.674,1.66,0.04,7.000,17.000,20.000
"Jan 01, 2021 - Dec 31, 2021",All Vehicles - StL All Vehicles Volume,N/A,East 77th Street / 165899762 / 1,0.126,yes,90,yes,2021-02,0: All Days (M-Su),2: Peak AM (6am-10am),33,14,32,21.542,0.666,4.19,0.10,5.000,20.000,22.000
"Jan 01, 2021 - Dec 31, 2021",All Vehicles - StL All Vehicles Volume,N/A,East 77th Street / 165899762 / 1,0.126,yes,90,yes,2021-02,0: All Days (M-Su),3: Mid-Day (10am-3pm),60,13,35,21.542,0.607,7.62,0.23,3.000,18.000,20.000
"Jan 01, 2021 - Dec 31, 2021",All Vehicles - StL All Vehicles Volume,N/A,East 77th Street / 165899762 / 1,0.126,yes,90,yes,2021-02,0: All Days (M-Su),4: Peak PM (3pm-7pm),57,14,32,21.542,0.666,7.19,0.17,4.000,19.000,22.000
"Jan 01, 2021 - Dec 31, 2021",All Vehicles - StL All Vehicles Volume,N/A,East 77th Street / 165899762 / 1,0.126,yes,90,yes,2021-02,0: All Days (M-Su),5: Late PM (7pm-12am),38,13,34,21.542,0.621,4.83,0.14,5.000,19.000,21.000
"Jan 01, 2021 - Dec 31, 2021",All Vehicles - StL All Vehicles Volume,N/A,East 77th Street / 165899762 / 1,0.126,yes,90,yes,2021-02,1: Weekday (M-Th),0: All Day (12am-12am),214,14,33,21.542,0.634,26.98,0.72,4.000,18.000,20.000
"Jan 01, 2021 - Dec 31, 2021",All Vehicles - StL All Vehicles Volume,N/A,East 77th Street / 165899762 / 1,0.126,yes,90,yes,2021-02,1: Weekday (M-Th),1: Early AM (12am-6am),16,14,32,21.542,0.654,1.96,0.05,7.000,18.000,20.000
"Jan 01, 2021 - Dec 31, 2021",All Vehicles - StL All Vehicles Volume,N/A,East 77th Street / 165899762 / 1,0.126,yes,90,yes,2021-02,1: Weekday (M-Th),2: Peak AM (6am-10am),39,14,33,21.542,0.639,4.93,0.13,5.000,19.000,21.000
"Jan 01, 2021 - Dec 31, 2021",All Vehicles - StL All Vehicles Volume,N/A,East 77th Street / 165899762 / 1,0.126,yes,90,yes,2021-02,1: Weekday (M-Th),3: Mid-Day (10am-3pm),60,13,34,21.542,0.621,7.59,0.22,3.000,18.000,20.000
"Jan 01, 2021 - Dec 31, 2021",All Vehicles - StL All Vehicles Volume,N/A,East 77th Street / 165899762 / 1,0.126,yes,90,yes,2021-02,1: Weekday (M-Th),4: Peak PM (3pm-7pm),64,14,32,21.542,0.651,8.07,0.20,4.000,18.000,21.000
"Jan 01, 2021 - Dec 31, 2021",All Vehicles - StL All Vehicles Volume,N/A,East 77th Street / 165899762 / 1,0.126,yes,90,yes,2021-02,1: Weekday (M-Th),5: Late PM (7pm-12am),35,13,34,21.542,0.614,4.43,0.13,5.000,19.000,22.000
"Jan 01, 2021 - Dec 31, 2021",All Vehicles - StL All Vehicles Volume,N/A,East 77th Street / 165899762 / 1,0.126,yes,90,yes,2021-02,2: Weekend (Sa-Su),0: All Day (12am-12am),137,14,33,21.542,0.642,17.30,0.45,4.000,19.000,22.000
"Jan 01, 2021 - Dec 31, 2021",All Vehicles - StL All Vehicles Volume,N/A,East 77th Street / 165899762 / 1,0.126,yes,90,yes,2021-02,2: Weekend (Sa-Su),1: Early AM (12am-6am),8,14,32,21.542,0.664,1.02,0.02,N/A,N/A,N/A
"Jan 01, 2021 - Dec 31, 2021",All Vehicles - StL All Vehicles Volume,N/A,East 77th Street / 165899762 / 1,0.126,yes,90,yes,2021-02,2: Weekend (Sa-Su),2: Peak AM (6am-10am),16,16,29,21.542,0.732,1.99,0.03,5.000,20.000,24.000
"Jan 01, 2021 - Dec 31, 2021",All Vehicles - StL All Vehicles Volume,N/A,East 77th Street / 165899762 / 1,0.126,yes,90,yes,2021-02,2: Weekend (Sa-Su),3: Mid-Day (10am-3pm),52,13,36,21.542,0.587,6.57,0.21,3.000,19.000,21.000
"Jan 01, 2021 - Dec 31, 2021",All Vehicles - StL All Vehicles Volume,N/A,East 77th Street / 165899762 / 1,0.126,yes,90,yes,2021-02,2: Weekend (Sa-Su),4: Peak PM (3pm-7pm),33,15,31,21.542,0.679,4.13,0.09,3.000,19.000,22.000
"Jan 01, 2021 - Dec 31, 2021",All Vehicles - StL All Vehicles Volume,N/A,East 77th Street / 165899762 / 1,0.126,yes,90,yes,2021-02,2: Weekend (Sa-Su),5: Late PM (7pm-12am),28,14,33,21.542,0.646,3.59,0.09,6.000,20.000,22.000
"Jan 01, 2021 - Dec 31, 2021",All Vehicles - StL All Vehicles Volume,N/A,East 77th Street / 165899762 / 2,0.124,yes,90,yes,2021-02,0: All Days (M-Su),0: All Day (12am-12am),98,14,31,18.890,0.755,12.14,0.21,5.000,19.000,24.000
"Jan 01, 2021 - Dec 31, 2021",All Vehicles - StL All Vehicles Volume,N/A,East 77th Street / 165899762 / 2,0.124,yes,90,yes,2021-02,0: All Days (M-Su),1: Early AM (12am-6am),4,14,32,18.890,0.744,0.53,0.01,N/A,N/A,N/A
"Jan 01, 2021 - Dec 31, 2021",All Vehicles - StL All Vehicles Volume,N/A,East 77th Street / 165899762 / 2,0.124,yes,90,yes,2021-02,0: All Days (M-Su),2: Peak AM (6am-10am),19,15,30,18.890,0.780,2.33,0.03,5.000,21.000,24.000
"Jan 01, 2021 - Dec 31, 2021",All Vehicles - StL All Vehicles Volume,N/A,East 77th Street / 165899762 / 2,0.124,yes,90,yes,2021-02,0: All Days (M-Su),3: Mid-Day (10am-3pm),27,14,31,18.890,0.756,3.34,0.06,4.000,20.000,20.000
"Jan 01, 2021 - Dec 31, 2021",All Vehicles - StL All Vehicles Volume,N/A,East 77th Street / 165899762 / 2,0.124,yes,90,yes,2021-02,0: All Days (M-Su),4: Peak PM (3pm-7pm),32,14,31,18.890,0.767,3.95,0.06,6.000,19.000,25.000
"Jan 01, 2021 - Dec 31, 2021",All Vehicles - StL All Vehicles Volume,N/A,East 77th Street / 165899762 / 2,0.124,yes,90,yes,2021-02,0: All Days (M-Su),5: Late PM (7pm-12am),16,13,34,18.890,0.702,1.98,0.04,5.000,20.000,20.000
"Jan 01, 2021 - Dec 31, 2021",All Vehicles - StL All Vehicles Volume,N/A,East 77th Street / 165899762 / 2,0.124,yes,90,yes,2021-02,1: Weekday (M-Th),0: All Day (12am-12am),106,15,31,18.890,0.771,13.14,0.21,6.000,20.000,21.000
"Jan 01, 2021 - Dec 31, 2021",All Vehicles - StL All Vehicles Volume,N/A,East 77th Street / 165899762 / 2,0.124,yes,90,yes,2021-02,1: Weekday (M-Th),1: Early AM (12am-6am),5,13,35,18.890,0.668,0.64,0.02,N/A,N/A,N/A
"Jan 01, 2021 - Dec 31, 2021",All Vehicles - StL All Vehicles Volume,N/A,East 77th Street / 165899762 / 2,0.124,yes,90,yes,2021-02,1: Weekday (M-Th),2: Peak AM (6am-10am),22,15,30,18.890,0.777,2.79,0.04,5.000,18.000,21.000
"Jan 01, 2021 - Dec 31, 2021",All Vehicles - StL All Vehicles Volume,N/A,East 77th Street / 165899762 / 2,0.124,yes,90,yes,2021-02,1: Weekday (M-Th),3: Mid-Day (10am-3pm),26,15,30,18.890,0.801,3.19,0.04,8.000,20.000,21.000
"Jan 01, 2021 - Dec 31, 2021",All Vehicles - StL All Vehicles Volume,N/A,East 77th Street / 165899762 / 2,0.124,yes,90,yes,2021-02,1: Weekday (M-Th),4: Peak PM (3pm-7pm),38,15,30,18.890,0.783,4.78,0.07,6.000,19.000,20.000
"Jan 01, 2021 - Dec 31, 2021",All Vehicles - StL All Vehicles Volume,N/A,East 77th Street / 165899762 / 2,0.124,yes,90,yes,2021-02,1: Weekday (M-Th),5: Late PM (7pm-12am),14,14,33,18.890,0.716,1.75,0.04,N/A,N/A,N/A
"Jan 01, 2021 - Dec 31, 2021",All Vehicles - StL All Vehicles Volume,N/A,East 77th Street / 165899762 / 2,0.124,yes,90,yes,2021-02,2: Weekend (Sa-Su),0: All Day (12am-12am),61,14,32,18.890,0.729,7.61,0.15,4.000,20.000,25.000
"Jan 01, 2021 - Dec 31, 2021",All Vehicles - StL All Vehicles Volume,N/A,East 77th Street / 165899762 / 2,0.124,yes,90,yes,2021-02,2: Weekend (Sa-Su),1: Early AM (12am-6am),3,15,30,18.890,0.792,0.43,0.01,N/A,N/A,N/A
"Jan 01, 2021 - Dec 31, 2021",All Vehicles - StL All Vehicles Volume,N/A,East 77th Street / 165899762 / 2,0.124,yes,90,yes,2021-02,2: Weekend (Sa-Su),2: Peak AM (6am-10am),10,14,32,18.890,0.750,1.30,0.02,N/A,N/A,N/A
"Jan 01, 2021 - Dec 31, 2021",All Vehicles - StL All Vehicles Volume,N/A,East 77th Street / 165899762 / 2,0.124,yes,90,yes,2021-02,2: Weekend (Sa-Su),3: Mid-Day (10am-3pm),24,13,33,18.890,0.708,2.94,0.06,4.000,20.000,20.000
"Jan 01, 2021 - Dec 31, 2021",All Vehicles - StL All Vehicles Volume,N/A,East 77th Street / 165899762 / 2,0.124,yes,90,yes,2021-02,2: Weekend (Sa-Su),4: Peak PM (3pm-7pm),14,15,30,18.890,0.782,1.73,0.03,7.000,18.000,26.000
"Jan 01, 2021 - Dec 31, 2021",All Vehicles - StL All Vehicles Volume,N/A,East 77th Street / 165899762 / 2,0.124,yes,90,yes,2021-02,2: Weekend (Sa-Su),5: Late PM (7pm-12am),10,12,36,18.890,0.661,1.21,0.03,N/A,N/A,N/A
"Jan 01, 2021 - Dec 31, 2021",All Vehicles - StL All Vehicles Volume,N/A,East 77th Street / 165899762 / 1,0.126,yes,90,yes,2021-03,0: All Days (M-Su),0: All Day (12am-12am),453,16,28,21.791,0.738,57.12,0.93,4.000,22.000,26.000
"Jan 01, 2021 - Dec 31, 2021",All Vehicles - StL All Vehicles Volume,N/A,East 77th Street / 165899762 / 1,0.126,yes,90,yes,2021-03,0: All Days (M-Su),1: Early AM (12am-6am),34,18,25,21.791,0.832,4.32,0.04,4.000,23.000,27.000
"Jan 01, 2021 - Dec 31, 2021",All Vehicles - StL All Vehicles Volume,N/A,East 77th Street / 165899762 / 1,0.126,yes,90,yes,2021-03,0: All Days (M-Su),2: Peak AM (6am-10am),65,18,25,21.791,0.823,8.25,0.08,4.000,23.000,30.000
"Jan 01, 2021 - Dec 31, 2021",All Vehicles - StL All Vehicles Volume,N/A,East 77th Street / 165899762 / 1,0.126,yes,90,yes,2021-03,0: All Days (M-Su),3: Mid-Day (10am-3pm),119,16,28,21.791,0.735,14.95,0.25,4.000,22.000,28.000
"Jan 01, 2021 - Dec 31, 2021",All Vehicles - StL All Vehicles Volume,N/A,East 77th Street / 165899762 / 1,0.126,yes,90,yes,2021-03,0: All Days (M-Su),4: Peak PM (3pm-7pm),141,15,30,21.791,0.694,17.75,0.36,4.000,20.000,23.000
"Jan 01, 2021 - Dec 31, 2021",All Vehicles - StL All Vehicles Volume,N/A,East 77th Street / 165899762 / 1,0.126,yes,90,yes,2021-03,0: All Days (M-Su),5: Late PM (7pm-12am),94,16,29,21.791,0.713,11.85,0.22,4.000,21.000,24.000
"Jan 01, 2021 - Dec 31, 2021",All Vehicles - StL All Vehicles Volume,N/A,East 77th Street / 165899762 / 1,0.126,yes,90,yes,2021-03,1: Weekday (M-Th),0: All Day (12am-12am),439,16,28,21.791,0.738,55.37,0.90,4.000,22.000,27.000
"Jan 01, 2021 - Dec 31, 2021",All Vehicles - StL All Vehicles Volume,N/A,East 77th Street / 165899762 / 1,0.126,yes,90,yes,2021-03,1: Weekday (M-Th),1: Early AM (12am-6am),31,18,26,21.791,0.811,3.87,0.04,3.000,23.000,25.000
"Jan 01, 2021 - Dec 31, 2021",All Vehicles - StL All Vehicles Volume,N/A,East 77th Street / 165899762 / 1,0.126,yes,90,yes,2021-03,1: Weekday (M-Th),2: Peak AM (6am-10am),69,18,25,21.791,0.828,8.71,0.08,4.000,25.000,33.000
"Jan 01, 2021 - Dec 31, 2021",All Vehicles - StL All Vehicles Volume,N/A,East 77th Street / 165899762 / 1,0.126,yes,90,yes,2021-03,1: Weekday (M-Th),3: Mid-Day (10am-3pm),111,16,28,21.791,0.732,14.00,0.23,3.000,22.000,27.000
"Jan 01, 2021 - Dec 31, 2021",All Vehicles - StL All Vehicles Volume,N/A,East 77th Street / 165899762 / 1,0.126,yes,90,yes,2021-03,1: Weekday (M-Th),4: Peak PM (3pm-7pm),142,15,29,21.791,0.709,17.93,0.34,4.000,20.000,23.000
"Jan 01, 2021 - Dec 31, 2021",All Vehicles - StL All Vehicles Volume,N/A,East 77th Street / 165899762 / 1,0.126,yes,90,yes,2021-03,1: Weekday (M-Th),5: Late PM (7pm-12am),86,15,30,21.791,0.695,10.86,0.22,4.000,21.000,24.000
"Jan 01, 2021 - Dec 31, 2021",All Vehicles - StL All Vehicles Volume,N/A,East 77th Street / 165899762 / 1,0.126,yes,90,yes,2021-03,2: Weekend (Sa-Su),0: All Day (12am-12am),413,16,29,21.791,0.729,52.06,0.89,4.000,22.000,25.000
"Jan 01, 2021 - Dec 31, 2021",All Vehicles - StL All Vehicles Volume,N/A,East 77th Street / 165899762 / 1,0.126,yes,90,yes,2021-03,2: Weekend (Sa-Su),1: Early AM (12am-6am),39,18,25,21.791,0.828,4.91,0.05,10.000,23.000,24.000
"Jan 01, 2021 - Dec 31, 2021",All Vehicles - StL All Vehicles Volume,N/A,East 77th Street / 165899762 / 1,0.126,yes,90,yes,2021-03,2: Weekend (Sa-Su),2: Peak AM (6am-10am),37,17,26,21.791,0.798,4.72,0.05,3.000,24.000,27.000
"Jan 01, 2021 - Dec 31, 2021",All Vehicles - StL All Vehicles Volume,N/A,East 77th Street / 165899762 / 1,0.126,yes,90,yes,2021-03,2: Weekend (Sa-Su),3: Mid-Day (10am-3pm),138,16,28,21.791,0.734,17.36,0.29,4.000,23.000,27.000
"Jan 01, 2021 - Dec 31, 2021",All Vehicles - StL All Vehicles Volume,N/A,East 77th Street / 165899762 / 1,0.126,yes,90,yes,2021-03,2: Weekend (Sa-Su),4: Peak PM (3pm-7pm),118,15,31,21.791,0.667,14.91,0.34,3.000,20.000,23.000
"Jan 01, 2021 - Dec 31, 2021",All Vehicles - StL All Vehicles Volume,N/A,East 77th Street / 165899762 / 1,0.126,yes,90,yes,2021-03,2: Weekend (Sa-Su),5: Late PM (7pm-12am),81,16,28,21.791,0.734,10.15,0.17,3.000,21.000,27.000
"Jan 01, 2021 - Dec 31, 2021",All Vehicles - StL All Vehicles Volume,N/A,East 77th Street / 165899762 / 2,0.124,yes,90,yes,2021-03,0: All Days (M-Su),0: All Day (12am-12am),293,15,30,20.856,0.713,36.43,0.70,4.000,19.000,22.000
"Jan 01, 2021 - Dec 31, 2021",All Vehicles - StL All Vehicles Volume,N/A,East 77th Street / 165899762 / 2,0.124,yes,90,yes,2021-03,0: All Days (M-Su),1: Early AM (12am-6am),15,16,28,20.856,0.775,1.92,0.03,1.000,22.000,30.000
"Jan 01, 2021 - Dec 31, 2021",All Vehicles - StL All Vehicles Volume,N/A,East 77th Street / 165899762 / 2,0.124,yes,90,yes,2021-03,0: All Days (M-Su),2: Peak AM (6am-10am),37,16,28,20.856,0.776,4.59,0.06,9.000,21.000,23.000
"Jan 01, 2021 - Dec 31, 2021",All Vehicles - StL All Vehicles Volume,N/A,East 77th Street / 165899762 / 2,0.124,yes,90,yes,2021-03,0: All Days (M-Su),3: Mid-Day (10am-3pm),77,15,30,20.856,0.724,9.56,0.17,4.000,20.000,22.000
"Jan 01, 2021 - Dec 31, 2021",All Vehicles - StL All Vehicles Volume,N/A,East 77th Street / 165899762 / 2,0.124,yes,90,yes,2021-03,0: All Days (M-Su),4: Peak PM (3pm-7pm),93,15,30,20.856,0.714,11.51,0.22,5.000,18.000,22.000
"Jan 01, 2021 - Dec 31, 2021",All Vehicles - StL All Vehicles Volume,N/A,East 77th Street / 165899762 / 2,0.124,yes,90,yes,2021-03,0: All Days (M-Su),5: Late PM (7pm-12am),71,14,33,20.856,0.655,8.86,0.22,4.000,18.000,22.000
"Jan 01, 2021 - Dec 31, 2021",All Vehicles - StL All Vehicles Volume,N/A,East 77th Street / 165899762 / 2,0.124,yes,90,yes,2021-03,1: Weekday (M-Th),0: All Day (12am-12am),292,15,30,20.856,0.722,36.32,0.67,4.000,20.000,22.000
"Jan 01, 2021 - Dec 31, 2021",All Vehicles - StL All Vehicles Volume,N/A,East 77th Street / 165899762 / 2,0.124,yes,90,yes,2021-03,1: Weekday (M-Th),1: Early AM (12am-6am),13,16,28,20.856,0.770,1.59,0.02,11.000,22.000,22.000
"Jan 01, 2021 - Dec 31, 2021",All Vehicles - StL All Vehicles Volume,N/A,East 77th Street / 165899762 / 2,0.124,yes,90,yes,2021-03,1: Weekday (M-Th),2: Peak AM (6am-10am),41,16,28,20.856,0.757,5.08,0.08,4.000,22.000,24.000
"Jan 01, 2021 - Dec 31, 2021",All Vehicles - StL All Vehicles Volume,N/A,East 77th Street / 165899762 / 2,0.124,yes,90,yes,2021-03,1: Weekday (M-Th),3: Mid-Day (10am-3pm),76,16,28,20.856,0.764,9.48,0.14,4.000,20.000,22.000
"Jan 01, 2021 - Dec 31, 2021",All Vehicles - StL All Vehicles Volume,N/A,East 77th Street / 165899762 / 2,0.124,yes,90,yes,2021-03,1: Weekday (M-Th),4: Peak PM (3pm-7pm),94,15,30,20.856,0.712,11.68,0.23,4.000,18.000,22.000
"Jan 01, 2021 - Dec 31, 2021",All Vehicles - StL All Vehicles Volume,N/A,East 77th Street / 165899762 / 2,0.124,yes,90,yes,2021-03,1: Weekday (M-Th),5: Late PM (7pm-12am),68,14,33,20.856,0.656,8.49,0.21,4.000,19.000,22.000
"Jan 01, 2021 - Dec 31, 2021",All Vehicles - StL All Vehicles Volume,N/A,East 77th Street / 165899762 / 2,0.124,yes,90,yes,2021-03,2: Weekend (Sa-Su),0: All Day (12am-12am),239,15,30,20.856,0.711,29.67,0.58,4.000,18.000,22.000
"Jan 01, 2021 - Dec 31, 2021",All Vehicles - StL All Vehicles Volume,N/A,East 77th Street / 165899762 / 2,0.124,yes,90,yes,2021-03,2: Weekend (Sa-Su),1: Early AM (12am-6am),18,16,29,20.856,0.751,2.21,0.04,1.000,13.000,13.000
"Jan 01, 2021 - Dec 31, 2021",All Vehicles - StL All Vehicles Volume,N/A,East 77th Street / 165899762 / 2,0.124,yes,90,yes,2021-03,2: Weekend (Sa-Su),2: Peak AM (6am-10am),17,17,27,20.856,0.810,2.10,0.02,9.000,18.000,18.000
"Jan 01, 2021 - Dec 31, 2021",All Vehicles - StL All Vehicles Volume,N/A,East 77th Street / 165899762 / 2,0.124,yes,90,yes,2021-03,2: Weekend (Sa-Su),3: Mid-Day (10am-3pm),72,15,31,20.856,0.697,8.94,0.19,6.000,18.000,21.000
"Jan 01, 2021 - Dec 31, 2021",All Vehicles - StL All Vehicles Volume,N/A,East 77th Street / 165899762 / 2,0.124,yes,90,yes,2021-03,2: Weekend (Sa-Su),4: Peak PM (3pm-7pm),76,15,30,20.856,0.726,9.47,0.17,6.000,19.000,22.000
"Jan 01, 2021 - Dec 31, 2021",All Vehicles - StL All Vehicles Volume,N/A,East 77th Street / 165899762 / 2,0.124,yes,90,yes,2021-03,2: Weekend (Sa-Su),5: Late PM (7pm-12am),56,14,32,20.856,0.667,6.94,0.17,3.000,18.000,22.000
"Jan 01, 2021 - Dec 31, 2021",All Vehicles - StL All Vehicles Volume,N/A,East 77th Street / 165899762 / 1,0.126,yes,90,yes,2021-04,0: All Days (M-Su),0: All Day (12am-12am),510,16,28,21.308,0.774,64.29,0.88,4.000,23.000,27.000
"Jan 01, 2021 - Dec 31, 2021",All Vehicles - StL All Vehicles Volume,N/A,East 77th Street / 165899762 / 1,0.126,yes,90,yes,2021-04,0: All Days (M-Su),1: Early AM (12am-6am),44,18,25,21.308,0.849,5.52,0.05,7.000,24.000,32.000
"Jan 01, 2021 - Dec 31, 2021",All Vehicles - StL All Vehicles Volume,N/A,East 77th Street / 165899762 / 1,0.126,yes,90,yes,2021-04,0: All Days (M-Su),2: Peak AM (6am-10am),78,18,25,21.308,0.845,9.88,0.08,5.000,24.000,29.000
"Jan 01, 2021 - Dec 31, 2021",All Vehicles - StL All Vehicles Volume,N/A,East 77th Street / 165899762 / 1,0.126,yes,90,yes,2021-04,0: All Days (M-Su),3: Mid-Day (10am-3pm),132,16,28,21.308,0.766,16.59,0.24,4.000,23.000,28.000
"Jan 01, 2021 - Dec 31, 2021",All Vehicles - StL All Vehicles Volume,N/A,East 77th Street / 165899762 / 1,0.126,yes,90,yes,2021-04,0: All Days (M-Su),4: Peak PM (3pm-7pm),144,16,28,21.308,0.748,18.17,0.29,4.000,22.000,25.000
"Jan 01, 2021 - Dec 31, 2021",All Vehicles - StL All Vehicles Volume,N/A,East 77th Street / 165899762 / 1,0.126,yes,90,yes,2021-04,0: All Days (M-Su),5: Late PM (7pm-12am),112,16,29,21.308,0.740,14.13,0.23,4.000,22.000,26.000
"Jan 01, 2021 - Dec 31, 2021",All Vehicles - StL All Vehicles Volume,N/A,East 77th Street / 165899762 / 1,0.126,yes,90,yes,2021-04,1: Weekday (M-Th),0: All Day (12am-12am),544,17,27,21.308,0.777,68.65,0.92,4.000,23.000,27.000
"Jan 01, 2021 - Dec 31, 2021",All Vehicles - StL All Vehicles Volume,N/A,East 77th Street / 165899762 / 1,0.126,yes,90,yes,2021-04,1: Weekday (M-Th),1: Early AM (12am-6am),45,19,24,21.308,0.888,5.67,0.03,7.000,29.000,37.000
"Jan 01, 2021 - Dec 31, 2021",All Vehicles - StL All Vehicles Volume,N/A,East 77th Street / 165899762 / 1,0.126,yes,90,yes,2021-04,1: Weekday (M-Th),2: Peak AM (6am-10am),96,18,26,21.308,0.831,12.16,0.12,5.000,23.000,28.000
"Jan 01, 2021 - Dec 31, 2021",All Vehicles - StL All Vehicles Volume,N/A,East 77th Street / 165899762 / 1,0.126,yes,90,yes,2021-04,1: Weekday (M-Th),3: Mid-Day (10am-3pm),128,17,27,21.308,0.775,16.13,0.22,4.000,22.000,28.000
"Jan 01, 2021 - Dec 31, 2021",All Vehicles - StL All Vehicles Volume,N/A,East 77th Street / 165899762 / 1,0.126,yes,90,yes,2021-04,1: Weekday (M-Th),4: Peak PM (3pm-7pm),157,16,28,21.308,0.748,19.84,0.31,4.000,21.000,25.000
"Jan 01, 2021 - Dec 31, 2021",All Vehicles - StL All Vehicles Volume,N/A,East 77th Street / 165899762 / 1,0.126,yes,90,yes,2021-04,1: Weekday (M-Th),5: Late PM (7pm-12am),118,16,29,21.308,0.732,14.85,0.25,3.000,21.000,24.000
"Jan 01, 2021 - Dec 31, 2021",All Vehicles - StL All Vehicles Volume,N/A,East 77th Street / 165899762 / 1,0.126,yes,90,yes,2021-04,2: Weekend (Sa-Su),0: All Day (12am-12am),411,16,28,21.308,0.764,51.78,0.75,4.000,23.000,28.000
"Jan 01, 2021 - Dec 31, 2021",All Vehicles - StL All Vehicles Volume,N/A,East 77th Street / 165899762 / 1,0.126,yes,90,yes,2021-04,2: Weekend (Sa-Su),1: Early AM (12am-6am),37,16,28,21.308,0.769,4.70,0.07,8.000,19.000,20.000
"Jan 01, 2021 - Dec 31, 2021",All Vehicles - StL All Vehicles Volume,N/A,East 77th Street / 165899762 / 1,0.126,yes,90,yes,2021-04,2: Weekend (Sa-Su),2: Peak AM (6am-10am),38,18,25,21.308,0.857,4.76,0.04,3.000,23.000,30.000
"Jan 01, 2021 - Dec 31, 2021",All Vehicles - StL All Vehicles Volume,N/A,East 77th Street / 165899762 / 1,0.126,yes,90,yes,2021-04,2: Weekend (Sa-Su),3: Mid-Day (10am-3pm),119,16,28,21.308,0.753,15.01,0.23,4.000,23.000,28.000
"Jan 01, 2021 - Dec 31, 2021",All Vehicles - StL All Vehicles Volume,N/A,East 77th Street / 165899762 / 1,0.126,yes,90,yes,2021-04,2: Weekend (Sa-Su),4: Peak PM (3pm-7pm),129,16,28,21.308,0.750,16.29,0.26,4.000,23.000,27.000
"Jan 01, 2021 - Dec 31, 2021",All Vehicles - StL All Vehicles Volume,N/A,East 77th Street / 165899762 / 1,0.126,yes,90,yes,2021-04,2: Weekend (Sa-Su),5: Late PM (7pm-12am),87,16,28,21.308,0.757,11.02,0.17,4.000,23.000,33.000
"Jan 01, 2021 - Dec 31, 2021",All Vehicles - StL All Vehicles Volume,N/A,East 77th Street / 165899762 / 2,0.124,yes,90,yes,2021-04,0: All Days (M-Su),0: All Day (12am-12am),404,15,29,20.295,0.750,50.27,0.83,4.000,20.000,23.000
"Jan 01, 2021 - Dec 31, 2021",All Vehicles - StL All Vehicles Volume,N/A,East 77th Street / 165899762 / 2,0.124,yes,90,yes,2021-04,0: All Days (M-Su),1: Early AM (12am-6am),33,17,27,20.295,0.816,4.08,0.05,7.000,27.000,30.000
"Jan 01, 2021 - Dec 31, 2021",All Vehicles - StL All Vehicles Volume,N/A,East 77th Street / 165899762 / 2,0.124,yes,90,yes,2021-04,0: All Days (M-Su),2: Peak AM (6am-10am),58,16,28,20.295,0.788,7.17,0.10,3.000,21.000,23.000
"Jan 01, 2021 - Dec 31, 2021",All Vehicles - StL All Vehicles Volume,N/A,East 77th Street / 165899762 / 2,0.124,yes,90,yes,2021-04,0: All Days (M-Su),3: Mid-Day (10am-3pm),99,16,28,20.295,0.785,12.35,0.17,5.000,22.000,24.000
"Jan 01, 2021 - Dec 31, 2021",All Vehicles - StL All Vehicles Volume,N/A,East 77th Street / 165899762 / 2,0.124,yes,90,yes,2021-04,0: All Days (M-Su),4: Peak PM (3pm-7pm),119,15,31,20.295,0.718,14.80,0.29,6.000,18.000,22.000
"Jan 01, 2021 - Dec 31, 2021",All Vehicles - StL All Vehicles Volume,N/A,East 77th Street / 165899762 / 2,0.124,yes,90,yes,2021-04,0: All Days (M-Su),5: Late PM (7pm-12am),95,14,31,20.295,0.709,11.87,0.24,3.000,18.000,22.000
"Jan 01, 2021 - Dec 31, 2021",All Vehicles - StL All Vehicles Volume,N/A,East 77th Street / 165899762 / 2,0.124,yes,90,yes,2021-04,1: Weekday (M-Th),0: All Day (12am-12am),416,15,30,20.295,0.746,51.71,0.87,4.000,20.000,23.000
"Jan 01, 2021 - Dec 31, 2021",All Vehicles - StL All Vehicles Volume,N/A,East 77th Street / 165899762 / 2,0.124,yes,90,yes,2021-04,1: Weekday (M-Th),1: Early AM (12am-6am),28,18,25,20.295,0.897,3.46,0.02,9.000,30.000,30.000
"Jan 01, 2021 - Dec 31, 2021",All Vehicles - StL All Vehicles Volume,N/A,East 77th Street / 165899762 / 2,0.124,yes,90,yes,2021-04,1: Weekday (M-Th),2: Peak AM (6am-10am),72,16,29,20.295,0.773,8.99,0.13,3.000,21.000,23.000
"Jan 01, 2021 - Dec 31, 2021",All Vehicles - StL All Vehicles Volume,N/A,East 77th Street / 165899762 / 2,0.124,yes,90,yes,2021-04,1: Weekday (M-Th),3: Mid-Day (10am-3pm),90,16,29,20.295,0.764,11.13,0.17,3.000,21.000,24.000
"Jan 01, 2021 - Dec 31, 2021",All Vehicles - StL All Vehicles Volume,N/A,East 77th Street / 165899762 / 2,0.124,yes,90,yes,2021-04,1: Weekday (M-Th),4: Peak PM (3pm-7pm),127,14,31,20.295,0.710,15.75,0.32,5.000,18.000,22.000
"Jan 01, 2021 - Dec 31, 2021",All Vehicles - StL All Vehicles Volume,N/A,East 77th Street / 165899762 / 2,0.124,yes,90,yes,2021-04,1: Weekday (M-Th),5: Late PM (7pm-12am),99,15,31,20.295,0.715,12.37,0.24,4.000,18.000,22.000
"Jan 01, 2021 - Dec 31, 2021",All Vehicles - StL All Vehicles Volume,N/A,East 77th Street / 165899762 / 2,0.124,yes,90,yes,2021-04,2: Weekend (Sa-Su),0: All Day (12am-12am),356,15,30,20.295,0.729,44.28,0.81,4.000,19.000,22.000
"Jan 01, 2021 - Dec 31, 2021",All Vehicles - StL All Vehicles Volume,N/A,East 77th Street / 165899762 / 2,0.124,yes,90,yes,2021-04,2: Weekend (Sa-Su),1: Early AM (12am-6am),37,14,32,20.295,0.700,4.62,0.10,1.000,15.000,26.000
"Jan 01, 2021 - Dec 31, 2021",All Vehicles - StL All Vehicles Volume,N/A,East 77th Street / 165899762 / 2,0.124,yes,90,yes,2021-04,2: Weekend (Sa-Su),2: Peak AM (6am-10am),27,15,29,20.295,0.762,3.40,0.05,3.000,18.000,18.000
"Jan 01, 2021 - Dec 31, 2021",All Vehicles - StL All Vehicles Volume,N/A,East 77th Street / 165899762 / 2,0.124,yes,90,yes,2021-04,2: Weekend (Sa-Su),3: Mid-Day (10am-3pm),101,16,29,20.295,0.765,12.50,0.19,7.000,19.000,23.000
"Jan 01, 2021 - Dec 31, 2021",All Vehicles - StL All Vehicles Volume,N/A,East 77th Street / 165899762 / 2,0.124,yes,90,yes,2021-04,2: Weekend (Sa-Su),4: Peak PM (3pm-7pm),108,14,32,20.295,0.690,13.45,0.30,5.000,18.000,22.000
"Jan 01, 2021 - Dec 31, 2021",All Vehicles - StL All Vehicles Volume,N/A,East 77th Street / 165899762 / 2,0.124,yes,90,yes,2021-04,2: Weekend (Sa-Su),5: Late PM (7pm-12am),83,15,30,20.295,0.737,10.32,0.18,4.000,22.000,22.000
"Jan 01, 2021 - Dec 31, 2021",All Vehicles - StL All Vehicles Volume,N/A,East 77th Street / 165899762 / 1,0.126,yes,90,yes,2021-05,0: All Days (M-Su),0: All Day (12am-12am),480,17,27,21.966,0.767,60.48,0.84,5.000,23.000,28.000
"Jan 01, 2021 - Dec 31, 2021",All Vehicles - StL All Vehicles Volume,N/A,East 77th Street / 165899762 / 1,0.126,yes,90,yes,2021-05,0: All Days (M-Su),1: Early AM (12am-6am),40,19,23,21.966,0.880,5.09,0.03,9.000,26.000,33.000
"Jan 01, 2021 - Dec 31, 2021",All Vehicles - StL All Vehicles Volume,N/A,East 77th Street / 165899762 / 1,0.126,yes,90,yes,2021-05,0: All Days (M-Su),2: Peak AM (6am-10am),80,18,25,21.966,0.812,10.03,0.11,5.000,24.000,30.000
"Jan 01, 2021 - Dec 31, 2021",All Vehicles - StL All Vehicles Volume,N/A,East 77th Street / 165899762 / 1,0.126,yes,90,yes,2021-05,0: All Days (M-Su),3: Mid-Day (10am-3pm),129,16,28,21.966,0.750,16.27,0.25,4.000,23.000,28.000
"Jan 01, 2021 - Dec 31, 2021",All Vehicles - StL All Vehicles Volume,N/A,East 77th Street / 165899762 / 1,0.126,yes,90,yes,2021-05,0: All Days (M-Su),4: Peak PM (3pm-7pm),129,16,28,21.966,0.747,16.29,0.25,4.000,22.000,26.000
"Jan 01, 2021 - Dec 31, 2021",All Vehicles - StL All Vehicles Volume,N/A,East 77th Street / 165899762 / 1,0.126,yes,90,yes,2021-05,0: All Days (M-Su),5: Late PM (7pm-12am),101,16,28,21.966,0.735,12.80,0.21,5.000,20.000,24.000
"Jan 01, 2021 - Dec 31, 2021",All Vehicles - StL All Vehicles Volume,N/A,East 77th Street / 165899762 / 1,0.126,yes,90,yes,2021-05,1: Weekday (M-Th),0: All Day (12am-12am),503,17,26,21.966,0.782,63.39,0.80,5.000,23.000,28.000
"Jan 01, 2021 - Dec 31, 2021",All Vehicles - StL All Vehicles Volume,N/A,East 77th Street / 165899762 / 1,0.126,yes,90,yes,2021-05,1: Weekday (M-Th),1: Early AM (12am-6am),39,19,23,21.966,0.887,4.93,0.03,10.000,27.000,30.000
"Jan 01, 2021 - Dec 31, 2021",All Vehicles - StL All Vehicles Volume,N/A,East 77th Street / 165899762 / 1,0.126,yes,90,yes,2021-05,1: Weekday (M-Th),2: Peak AM (6am-10am),100,18,25,21.966,0.820,12.57,0.13,5.000,23.000,31.000
"Jan 01, 2021 - Dec 31, 2021",All Vehicles - StL All Vehicles Volume,N/A,East 77th Street / 165899762 / 1,0.126,yes,90,yes,2021-05,1: Weekday (M-Th),3: Mid-Day (10am-3pm),133,17,27,21.966,0.778,16.76,0.22,4.000,23.000,29.000
"Jan 01, 2021 - Dec 31, 2021",All Vehicles - StL All Vehicles Volume,N/A,East 77th Street / 165899762 / 1,0.126,yes,90,yes,2021-05,1: Weekday (M-Th),4: Peak PM (3pm-7pm),129,16,28,21.966,0.735,16.32,0.27,5.000,22.000,25.000
"Jan 01, 2021 - Dec 31, 2021",All Vehicles - StL All Vehicles Volume,N/A,East 77th Street / 165899762 / 1,0.126,yes,90,yes,2021-05,1: Weekday (M-Th),5: Late PM (7pm-12am),102,17,27,21.966,0.770,12.81,0.17,6.000,21.000,25.000
"Jan 01, 2021 - Dec 31, 2021",All Vehicles - StL All Vehicles Volume,N/A,East 77th Street / 165899762 / 1,0.126,yes,90,yes,2021-05,2: Weekend (Sa-Su),0: All Day (12am-12am),408,16,28,21.966,0.735,51.39,0.84,4.000,22.000,27.000
"Jan 01, 2021 - Dec 31, 2021",All Vehicles - StL All Vehicles Volume,N/A,East 77th Street / 165899762 / 1,0.126,yes,90,yes,2021-05,2: Weekend (Sa-Su),1: Early AM (12am-6am),39,19,24,21.966,0.844,4.88,0.04,8.000,25.000,35.000
"Jan 01, 2021 - Dec 31, 2021",All Vehicles - StL All Vehicles Volume,N/A,East 77th Street / 165899762 / 1,0.126,yes,90,yes,2021-05,2: Weekend (Sa-Su),2: Peak AM (6am-10am),38,17,27,21.966,0.764,4.74,0.07,7.000,23.000,25.000
"Jan 01, 2021 - Dec 31, 2021",All Vehicles - StL All Vehicles Volume,N/A,East 77th Street / 165899762 / 1,0.126,yes,90,yes,2021-05,2: Weekend (Sa-Su),3: Mid-Day (10am-3pm),119,16,29,21.966,0.708,15.06,0.28,4.000,22.000,26.000
"Jan 01, 2021 - Dec 31, 2021",All Vehicles - StL All Vehicles Volume,N/A,East 77th Street / 165899762 / 1,0.126,yes,90,yes,2021-05,2: Weekend (Sa-Su),4: Peak PM (3pm-7pm),118,17,28,21.966,0.751,14.91,0.22,4.000,23.000,28.000
"Jan 01, 2021 - Dec 31, 2021",All Vehicles - StL All Vehicles Volume,N/A,East 77th Street / 165899762 / 1,0.126,yes,90,yes,2021-05,2: Weekend (Sa-Su),5: Late PM (7pm-12am),94,15,30,21.966,0.693,11.80,0.24,5.000,20.000,23.000
"Jan 01, 2021 - Dec 31, 2021",All Vehicles - StL All Vehicles Volume,N/A,East 77th Street / 165899762 / 2,0.124,yes,90,yes,2021-05,0: All Days (M-Su),0: All Day (12am-12am),433,16,28,19.522,0.806,53.85,0.66,5.000,20.000,22.000
"Jan 01, 2021 - Dec 31, 2021",All Vehicles - StL All Vehicles Volume,N/A,East 77th Street / 165899762 / 2,0.124,yes,90,yes,2021-05,0: All Days (M-Su),1: Early AM (12am-6am),33,17,27,19.522,0.847,4.09,0.04,4.000,22.000,25.000
"Jan 01, 2021 - Dec 31, 2021",All Vehicles - StL All Vehicles Volume,N/A,East 77th Street / 165899762 / 2,0.124,yes,90,yes,2021-05,0: All Days (M-Su),2: Peak AM (6am-10am),70,18,26,19.522,0.897,8.68,0.05,6.000,22.000,23.000
"Jan 01, 2021 - Dec 31, 2021",All Vehicles - StL All Vehicles Volume,N/A,East 77th Street / 165899762 / 2,0.124,yes,90,yes,2021-05,0: All Days (M-Su),3: Mid-Day (10am-3pm),123,16,28,19.522,0.812,15.24,0.18,4.000,20.000,22.000
"Jan 01, 2021 - Dec 31, 2021",All Vehicles - StL All Vehicles Volume,N/A,East 77th Street / 165899762 / 2,0.124,yes,90,yes,2021-05,0: All Days (M-Su),4: Peak PM (3pm-7pm),110,15,29,19.522,0.781,13.67,0.20,6.000,20.000,22.000
"Jan 01, 2021 - Dec 31, 2021",All Vehicles - StL All Vehicles Volume,N/A,East 77th Street / 165899762 / 2,0.124,yes,90,yes,2021-05,0: All Days (M-Su),5: Late PM (7pm-12am),98,15,31,19.522,0.750,12.17,0.21,6.000,19.000,22.000
"Jan 01, 2021 - Dec 31, 2021",All Vehicles - StL All Vehicles Volume,N/A,East 77th Street / 165899762 / 2,0.124,yes,90,yes,2021-05,1: Weekday (M-Th),0: All Day (12am-12am),446,16,28,19.522,0.824,55.43,0.60,5.000,21.000,23.000
"Jan 01, 2021 - Dec 31, 2021",All Vehicles - StL All Vehicles Volume,N/A,East 77th Street / 165899762 / 2,0.124,yes,90,yes,2021-05,1: Weekday (M-Th),1: Early AM (12am-6am),30,17,27,19.522,0.865,3.79,0.03,3.000,23.000,25.000
"Jan 01, 2021 - Dec 31, 2021",All Vehicles - StL All Vehicles Volume,N/A,East 77th Street / 165899762 / 2,0.124,yes,90,yes,2021-05,1: Weekday (M-Th),2: Peak AM (6am-10am),91,18,25,19.522,0.902,11.27,0.06,10.000,22.000,23.000
"Jan 01, 2021 - Dec 31, 2021",All Vehicles - StL All Vehicles Volume,N/A,East 77th Street / 165899762 / 2,0.124,yes,90,yes,2021-05,1: Weekday (M-Th),3: Mid-Day (10am-3pm),123,16,27,19.522,0.836,15.23,0.15,4.000,22.000,22.000
"Jan 01, 2021 - Dec 31, 2021",All Vehicles - StL All Vehicles Volume,N/A,East 77th Street / 165899762 / 2,0.124,yes,90,yes,2021-05,1: Weekday (M-Th),4: Peak PM (3pm-7pm),105,15,29,19.522,0.786,13.00,0.18,7.000,19.000,22.000
"Jan 01, 2021 - Dec 31, 2021",All Vehicles - StL All Vehicles Volume,N/A,East 77th Street / 165899762 / 2,0.124,yes,90,yes,2021-05,1: Weekday (M-Th),5: Late PM (7pm-12am),98,15,30,19.522,0.766,12.14,0.19,6.000,19.000,26.000
"Jan 01, 2021 - Dec 31, 2021",All Vehicles - StL All Vehicles Volume,N/A,East 77th Street / 165899762 / 2,0.124,yes,90,yes,2021-05,2: Weekend (Sa-Su),0: All Day (12am-12am),382,15,30,19.522,0.764,47.54,0.75,4.000,19.000,22.000
"Jan 01, 2021 - Dec 31, 2021",All Vehicles - StL All Vehicles Volume,N/A,East 77th Street / 165899762 / 2,0.124,yes,90,yes,2021-05,2: Weekend (Sa-Su),1: Early AM (12am-6am),35,16,28,19.522,0.827,4.34,0.05,10.000,18.000,20.000
"Jan 01, 2021 - Dec 31, 2021",All Vehicles - StL All Vehicles Volume,N/A,East 77th Street / 165899762 / 2,0.124,yes,90,yes,2021-05,2: Weekend (Sa-Su),2: Peak AM (6am-10am),30,16,28,19.522,0.805,3.79,0.05,4.000,18.000,19.000
"Jan 01, 2021 - Dec 31, 2021",All Vehicles - StL All Vehicles Volume,N/A,East 77th Street / 165899762 / 2,0.124,yes,90,yes,2021-05,2: Weekend (Sa-Su),3: Mid-Day (10am-3pm),120,15,29,19.522,0.781,14.92,0.21,6.000,18.000,22.000
"Jan 01, 2021 - Dec 31, 2021",All Vehicles - StL All Vehicles Volume,N/A,East 77th Street / 165899762 / 2,0.124,yes,90,yes,2021-05,2: Weekend (Sa-Su),4: Peak PM (3pm-7pm),107,15,31,19.522,0.747,13.25,0.23,4.000,21.000,22.000
"Jan 01, 2021 - Dec 31, 2021",All Vehicles - StL All Vehicles Volume,N/A,East 77th Street / 165899762 / 2,0.124,yes,90,yes,2021-05,2: Weekend (Sa-Su),5: Late PM (7pm-12am),90,14,32,19.522,0.723,11.25,0.22,4.000,18.000,22.000
"Jan 01, 2021 - Dec 31, 2021",All Vehicles - StL All Vehicles Volume,N/A,East 77th Street / 165899762 / 1,0.126,yes,90,yes,2021-06,0: All Days (M-Su),0: All Day (12am-12am),473,17,27,21.950,0.768,59.58,0.82,4.000,23.000,28.000
"Jan 01, 2021 - Dec 31, 2021",All Vehicles - StL All Vehicles Volume,N/A,East 77th Street / 165899762 / 1,0.126,yes,90,yes,2021-06,0: All Days (M-Su),1: Early AM (12am-6am),41,20,23,21.950,0.896,5.14,0.03,8.000,31.000,35.000
"Jan 01, 2021 - Dec 31, 2021",All Vehicles - StL All Vehicles Volume,N/A,East 77th Street / 165899762 / 1,0.126,yes,90,yes,2021-06,0: All Days (M-Su),2: Peak AM (6am-10am),70,17,26,21.950,0.788,8.82,0.11,5.000,23.000,29.000
"Jan 01, 2021 - Dec 31, 2021",All Vehicles - StL All Vehicles Volume,N/A,East 77th Street / 165899762 / 1,0.126,yes,90,yes,2021-06,0: All Days (M-Su),3: Mid-Day (10am-3pm),132,17,27,21.950,0.757,16.62,0.24,4.000,23.000,29.000
"Jan 01, 2021 - Dec 31, 2021",All Vehicles - StL All Vehicles Volume,N/A,East 77th Street / 165899762 / 1,0.126,yes,90,yes,2021-06,0: All Days (M-Su),4: Peak PM (3pm-7pm),120,17,27,21.950,0.756,15.19,0.22,4.000,22.000,26.000
"Jan 01, 2021 - Dec 31, 2021",All Vehicles - StL All Vehicles Volume,N/A,East 77th Street / 165899762 / 1,0.126,yes,90,yes,2021-06,0: All Days (M-Su),5: Late PM (7pm-12am),110,16,28,21.950,0.734,13.82,0.23,4.000,21.000,25.000
"Jan 01, 2021 - Dec 31, 2021",All Vehicles - StL All Vehicles Volume,N/A,East 77th Street / 165899762 / 1,0.126,yes,90,yes,2021-06,1: Weekday (M-Th),0: All Day (12am-12am),494,17,26,21.950,0.785,62.25,0.78,5.000,23.000,29.000
"Jan 01, 2021 - Dec 31, 2021",All Vehicles - StL All Vehicles Volume,N/A,East 77th Street / 165899762 / 1,0.126,yes,90,yes,2021-06,1: Weekday (M-Th),1: Early AM (12am-6am),46,20,23,21.950,0.915,5.74,0.02,8.000,31.000,35.000
"Jan 01, 2021 - Dec 31, 2021",All Vehicles - StL All Vehicles Volume,N/A,East 77th Street / 165899762 / 1,0.126,yes,90,yes,2021-06,1: Weekday (M-Th),2: Peak AM (6am-10am),78,18,26,21.950,0.804,9.88,0.11,5.000,23.000,31.000
"Jan 01, 2021 - Dec 31, 2021",All Vehicles - StL All Vehicles Volume,N/A,East 77th Street / 165899762 / 1,0.126,yes,90,yes,2021-06,1: Weekday (M-Th),3: Mid-Day (10am-3pm),138,17,27,21.950,0.764,17.40,0.25,3.000,23.000,30.000
"Jan 01, 2021 - Dec 31, 2021",All Vehicles - StL All Vehicles Volume,N/A,East 77th Street / 165899762 / 1,0.126,yes,90,yes,2021-06,1: Weekday (M-Th),4: Peak PM (3pm-7pm),121,17,27,21.950,0.766,15.20,0.21,5.000,22.000,26.000
"Jan 01, 2021 - Dec 31, 2021",All Vehicles - StL All Vehicles Volume,N/A,East 77th Street / 165899762 / 1,0.126,yes,90,yes,2021-06,1: Weekday (M-Th),5: Late PM (7pm-12am),111,17,27,21.950,0.764,14.03,0.20,5.000,22.000,25.000
"Jan 01, 2021 - Dec 31, 2021",All Vehicles - StL All Vehicles Volume,N/A,East 77th Street / 165899762 / 1,0.126,yes,90,yes,2021-06,2: Weekend (Sa-Su),0: All Day (12am-12am),388,16,28,21.950,0.726,48.91,0.84,4.000,22.000,27.000
"Jan 01, 2021 - Dec 31, 2021",All Vehicles - StL All Vehicles Volume,N/A,East 77th Street / 165899762 / 1,0.126,yes,90,yes,2021-06,2: Weekend (Sa-Su),1: Early AM (12am-6am),30,18,25,21.950,0.841,3.72,0.03,11.000,31.000,39.000
"Jan 01, 2021 - Dec 31, 2021",All Vehicles - StL All Vehicles Volume,N/A,East 77th Street / 165899762 / 1,0.126,yes,90,yes,2021-06,2: Weekend (Sa-Su),2: Peak AM (6am-10am),36,17,27,21.950,0.775,4.53,0.06,3.000,24.000,28.000
"Jan 01, 2021 - Dec 31, 2021",All Vehicles - StL All Vehicles Volume,N/A,East 77th Street / 165899762 / 1,0.126,yes,90,yes,2021-06,2: Weekend (Sa-Su),3: Mid-Day (10am-3pm),104,16,29,21.950,0.714,13.15,0.24,5.000,22.000,24.000
"Jan 01, 2021 - Dec 31, 2021",All Vehicles - StL All Vehicles Volume,N/A,East 77th Street / 165899762 / 1,0.126,yes,90,yes,2021-06,2: Weekend (Sa-Su),4: Peak PM (3pm-7pm),111,16,29,21.950,0.718,13.98,0.25,4.000,21.000,26.000
"Jan 01, 2021 - Dec 31, 2021",All Vehicles - StL All Vehicles Volume,N/A,East 77th Street / 165899762 / 1,0.126,yes,90,yes,2021-06,2: Weekend (Sa-Su),5: Late PM (7pm-12am),107,15,30,21.950,0.697,13.52,0.27,4.000,23.000,28.000
"Jan 01, 2021 - Dec 31, 2021",All Vehicles - StL All Vehicles Volume,N/A,East 77th Street / 165899762 / 2,0.124,yes,90,yes,2021-06,0: All Days (M-Su),0: All Day (12am-12am),402,16,28,22.125,0.711,49.93,0.92,5.000,21.000,23.000
"Jan 01, 2021 - Dec 31, 2021",All Vehicles - StL All Vehicles Volume,N/A,East 77th Street / 165899762 / 2,0.124,yes,90,yes,2021-06,0: All Days (M-Su),1: Early AM (12am-6am),32,18,25,22.125,0.815,4.02,0.04,8.000,22.000,30.000
"Jan 01, 2021 - Dec 31, 2021",All Vehicles - StL All Vehicles Volume,N/A,East 77th Street / 165899762 / 2,0.124,yes,90,yes,2021-06,0: All Days (M-Su),2: Peak AM (6am-10am),61,17,26,22.125,0.771,7.61,0.10,9.000,22.000,25.000
"Jan 01, 2021 - Dec 31, 2021",All Vehicles - StL All Vehicles Volume,N/A,East 77th Street / 165899762 / 2,0.124,yes,90,yes,2021-06,0: All Days (M-Su),3: Mid-Day (10am-3pm),116,16,27,22.125,0.738,14.46,0.23,7.000,22.000,23.000
"Jan 01, 2021 - Dec 31, 2021",All Vehicles - StL All Vehicles Volume,N/A,East 77th Street / 165899762 / 2,0.124,yes,90,yes,2021-06,0: All Days (M-Su),4: Peak PM (3pm-7pm),107,15,31,22.125,0.656,13.29,0.31,4.000,18.000,22.000
"Jan 01, 2021 - Dec 31, 2021",All Vehicles - StL All Vehicles Volume,N/A,East 77th Street / 165899762 / 2,0.124,yes,90,yes,2021-06,0: All Days (M-Su),5: Late PM (7pm-12am),85,15,30,22.125,0.665,10.55,0.24,3.000,18.000,22.000
"Jan 01, 2021 - Dec 31, 2021",All Vehicles - StL All Vehicles Volume,N/A,East 77th Street / 165899762 / 2,0.124,yes,90,yes,2021-06,1: Weekday (M-Th),0: All Day (12am-12am),414,16,28,22.125,0.717,51.53,0.92,5.000,21.000,23.000
"Jan 01, 2021 - Dec 31, 2021",All Vehicles - StL All Vehicles Volume,N/A,East 77th Street / 165899762 / 2,0.124,yes,90,yes,2021-06,1: Weekday (M-Th),1: Early AM (12am-6am),36,19,23,22.125,0.869,4.44,0.03,8.000,22.000,30.000
"Jan 01, 2021 - Dec 31, 2021",All Vehicles - StL All Vehicles Volume,N/A,East 77th Street / 165899762 / 2,0.124,yes,90,yes,2021-06,1: Weekday (M-Th),2: Peak AM (6am-10am),70,17,26,22.125,0.766,8.73,0.12,10.000,22.000,24.000
"Jan 01, 2021 - Dec 31, 2021",All Vehicles - StL All Vehicles Volume,N/A,East 77th Street / 165899762 / 2,0.124,yes,90,yes,2021-06,1: Weekday (M-Th),3: Mid-Day (10am-3pm),121,16,27,22.125,0.736,15.01,0.24,5.000,22.000,22.000
"Jan 01, 2021 - Dec 31, 2021",All Vehicles - StL All Vehicles Volume,N/A,East 77th Street / 165899762 / 2,0.124,yes,90,yes,2021-06,1: Weekday (M-Th),4: Peak PM (3pm-7pm),110,14,31,22.125,0.650,13.63,0.33,4.000,18.000,22.000
"Jan 01, 2021 - Dec 31, 2021",All Vehicles - StL All Vehicles Volume,N/A,East 77th Street / 165899762 / 2,0.124,yes,90,yes,2021-06,1: Weekday (M-Th),5: Late PM (7pm-12am),78,15,30,22.125,0.667,9.72,0.22,4.000,18.000,21.000
"Jan 01, 2021 - Dec 31, 2021",All Vehicles - StL All Vehicles Volume,N/A,East 77th Street / 165899762 / 2,0.124,yes,90,yes,2021-06,2: Weekend (Sa-Su),0: All Day (12am-12am),353,15,29,22.125,0.698,43.89,0.86,5.000,20.000,24.000
"Jan 01, 2021 - Dec 31, 2021",All Vehicles - StL All Vehicles Volume,N/A,East 77th Street / 165899762 / 2,0.124,yes,90,yes,2021-06,2: Weekend (Sa-Su),1: Early AM (12am-6am),23,15,30,22.125,0.674,2.85,0.06,14.000,30.000,30.000
"Jan 01, 2021 - Dec 31, 2021",All Vehicles - StL All Vehicles Volume,N/A,East 77th Street / 165899762 / 2,0.124,yes,90,yes,2021-06,2: Weekend (Sa-Su),2: Peak AM (6am-10am),38,18,24,22.125,0.831,4.76,0.04,9.000,29.000,30.000
"Jan 01, 2021 - Dec 31, 2021",All Vehicles - StL All Vehicles Volume,N/A,East 77th Street / 165899762 / 2,0.124,yes,90,yes,2021-06,2: Weekend (Sa-Su),3: Mid-Day (10am-3pm),99,16,28,22.125,0.725,12.37,0.21,8.000,20.000,22.000
"Jan 01, 2021 - Dec 31, 2021",All Vehicles - StL All Vehicles Volume,N/A,East 77th Street / 165899762 / 2,0.124,yes,90,yes,2021-06,2: Weekend (Sa-Su),4: Peak PM (3pm-7pm),97,14,31,22.125,0.645,12.09,0.30,5.000,18.000,21.000
"Jan 01, 2021 - Dec 31, 2021",All Vehicles - StL All Vehicles Volume,N/A,East 77th Street / 165899762 / 2,0.124,yes,90,yes,2021-06,2: Weekend (Sa-Su),5: Late PM (7pm-12am),95,15,30,22.125,0.676,11.82,0.26,3.000,19.000,23.000
"Jan 01, 2021 - Dec 31, 2021",All Vehicles - StL All Vehicles Volume,N/A,East 77th Street / 165899762 / 1,0.126,yes,90,yes,2021-07,0: All Days (M-Su),0: All Day (12am-12am),456,16,28,21.017,0.774,57.46,0.80,4.000,23.000,26.000
"Jan 01, 2021 - Dec 31, 2021",All Vehicles - StL All Vehicles Volume,N/A,East 77th Street / 165899762 / 1,0.126,yes,90,yes,2021-07,0: All Days (M-Su),1: Early AM (12am-6am),44,18,25,21.017,0.848,5.50,0.05,5.000,26.000,36.000
"Jan 01, 2021 - Dec 31, 2021",All Vehicles - StL All Vehicles Volume,N/A,East 77th Street / 165899762 / 1,0.126,yes,90,yes,2021-07,0: All Days (M-Su),2: Peak AM (6am-10am),66,17,27,21.017,0.813,8.38,0.09,5.000,23.000,28.000
"Jan 01, 2021 - Dec 31, 2021",All Vehicles - StL All Vehicles Volume,N/A,East 77th Street / 165899762 / 1,0.126,yes,90,yes,2021-07,0: All Days (M-Su),3: Mid-Day (10am-3pm),122,16,29,21.017,0.754,15.33,0.24,3.000,23.000,25.000
"Jan 01, 2021 - Dec 31, 2021",All Vehicles - StL All Vehicles Volume,N/A,East 77th Street / 165899762 / 1,0.126,yes,90,yes,2021-07,0: All Days (M-Su),4: Peak PM (3pm-7pm),119,16,28,21.017,0.767,14.99,0.22,5.000,21.000,26.000
"Jan 01, 2021 - Dec 31, 2021",All Vehicles - StL All Vehicles Volume,N/A,East 77th Street / 165899762 / 1,0.126,yes,90,yes,2021-07,0: All Days (M-Su),5: Late PM (7pm-12am),105,16,29,21.017,0.747,13.25,0.21,4.000,21.000,25.000
"Jan 01, 2021 - Dec 31, 2021",All Vehicles - StL All Vehicles Volume,N/A,East 77th Street / 165899762 / 1,0.126,yes,90,yes,2021-07,1: Weekday (M-Th),0: All Day (12am-12am),471,16,28,21.017,0.781,59.42,0.79,4.000,23.000,26.000
"Jan 01, 2021 - Dec 31, 2021",All Vehicles - StL All Vehicles Volume,N/A,East 77th Street / 165899762 / 1,0.126,yes,90,yes,2021-07,1: Weekday (M-Th),1: Early AM (12am-6am),43,20,23,21.017,0.947,5.40,0.01,8.000,31.000,37.000
"Jan 01, 2021 - Dec 31, 2021",All Vehicles - StL All Vehicles Volume,N/A,East 77th Street / 165899762 / 1,0.126,yes,90,yes,2021-07,1: Weekday (M-Th),2: Peak AM (6am-10am),73,18,26,21.017,0.841,9.25,0.08,5.000,23.000,29.000
"Jan 01, 2021 - Dec 31, 2021",All Vehicles - StL All Vehicles Volume,N/A,East 77th Street / 165899762 / 1,0.126,yes,90,yes,2021-07,1: Weekday (M-Th),3: Mid-Day (10am-3pm),125,16,29,21.017,0.742,15.73,0.26,3.000,23.000,24.000
"Jan 01, 2021 - Dec 31, 2021",All Vehicles - StL All Vehicles Volume,N/A,East 77th Street / 165899762 / 1,0.126,yes,90,yes,2021-07,1: Weekday (M-Th),4: Peak PM (3pm-7pm),128,16,29,21.017,0.749,16.16,0.26,5.000,21.000,26.000
"Jan 01, 2021 - Dec 31, 2021",All Vehicles - StL All Vehicles Volume,N/A,East 77th Street / 165899762 / 1,0.126,yes,90,yes,2021-07,1: Weekday (M-Th),5: Late PM (7pm-12am),102,16,29,21.017,0.756,12.88,0.20,4.000,21.000,25.000
"Jan 01, 2021 - Dec 31, 2021",All Vehicles - StL All Vehicles Volume,N/A,East 77th Street / 165899762 / 1,0.126,yes,90,yes,2021-07,2: Weekend (Sa-Su),0: All Day (12am-12am),385,16,29,21.017,0.755,48.52,0.75,4.000,22.000,26.000
"Jan 01, 2021 - Dec 31, 2021",All Vehicles - StL All Vehicles Volume,N/A,East 77th Street / 165899762 / 1,0.126,yes,90,yes,2021-07,2: Weekend (Sa-Su),1: Early AM (12am-6am),39,14,33,21.017,0.661,4.93,0.12,3.000,21.000,32.000
"Jan 01, 2021 - Dec 31, 2021",All Vehicles - StL All Vehicles Volume,N/A,East 77th Street / 165899762 / 1,0.126,yes,90,yes,2021-07,2: Weekend (Sa-Su),2: Peak AM (6am-10am),45,16,28,21.017,0.767,5.67,0.08,3.000,23.000,26.000
"Jan 01, 2021 - Dec 31, 2021",All Vehicles - StL All Vehicles Volume,N/A,East 77th Street / 165899762 / 1,0.126,yes,90,yes,2021-07,2: Weekend (Sa-Su),3: Mid-Day (10am-3pm),109,16,29,21.017,0.755,13.76,0.21,4.000,23.000,26.000
"Jan 01, 2021 - Dec 31, 2021",All Vehicles - StL All Vehicles Volume,N/A,East 77th Street / 165899762 / 1,0.126,yes,90,yes,2021-07,2: Weekend (Sa-Su),4: Peak PM (3pm-7pm),96,16,28,21.017,0.784,12.12,0.16,4.000,22.000,27.000
"Jan 01, 2021 - Dec 31, 2021",All Vehicles - StL All Vehicles Volume,N/A,East 77th Street / 165899762 / 1,0.126,yes,90,yes,2021-07,2: Weekend (Sa-Su),5: Late PM (7pm-12am),95,16,29,21.017,0.757,12.04,0.18,4.000,22.000,26.000
"Jan 01, 2021 - Dec 31, 2021",All Vehicles - StL All Vehicles Volume,N/A,East 77th Street / 165899762 / 2,0.124,yes,90,yes,2021-07,0: All Days (M-Su),0: All Day (12am-12am),361,16,29,22.647,0.691,44.91,0.89,5.000,21.000,22.000
"Jan 01, 2021 - Dec 31, 2021",All Vehicles - StL All Vehicles Volume,N/A,East 77th Street / 165899762 / 2,0.124,yes,90,yes,2021-07,0: All Days (M-Su),1: Early AM (12am-6am),37,17,27,22.647,0.744,4.62,0.07,3.000,22.000,23.000
"Jan 01, 2021 - Dec 31, 2021",All Vehicles - StL All Vehicles Volume,N/A,East 77th Street / 165899762 / 2,0.124,yes,90,yes,2021-07,0: All Days (M-Su),2: Peak AM (6am-10am),51,17,27,22.647,0.739,6.38,0.10,8.000,22.000,23.000
"Jan 01, 2021 - Dec 31, 2021",All Vehicles - StL All Vehicles Volume,N/A,East 77th Street / 165899762 / 2,0.124,yes,90,yes,2021-07,0: All Days (M-Su),3: Mid-Day (10am-3pm),100,16,29,22.647,0.691,12.42,0.24,6.000,21.000,22.000
"Jan 01, 2021 - Dec 31, 2021",All Vehicles - StL All Vehicles Volume,N/A,East 77th Street / 165899762 / 2,0.124,yes,90,yes,2021-07,0: All Days (M-Su),4: Peak PM (3pm-7pm),97,15,29,22.647,0.671,12.11,0.26,5.000,19.000,22.000
"Jan 01, 2021 - Dec 31, 2021",All Vehicles - StL All Vehicles Volume,N/A,East 77th Street / 165899762 / 2,0.124,yes,90,yes,2021-07,0: All Days (M-Su),5: Late PM (7pm-12am),75,15,30,22.647,0.660,9.38,0.21,5.000,18.000,22.000
"Jan 01, 2021 - Dec 31, 2021",All Vehicles - StL All Vehicles Volume,N/A,East 77th Street / 165899762 / 2,0.124,yes,90,yes,2021-07,1: Weekday (M-Th),0: All Day (12am-12am),400,16,28,22.647,0.696,49.78,0.96,5.000,21.000,22.000
"Jan 01, 2021 - Dec 31, 2021",All Vehicles - StL All Vehicles Volume,N/A,East 77th Street / 165899762 / 2,0.124,yes,90,yes,2021-07,1: Weekday (M-Th),1: Early AM (12am-6am),44,17,26,22.647,0.748,5.42,0.08,3.000,23.000,23.000
"Jan 01, 2021 - Dec 31, 2021",All Vehicles - StL All Vehicles Volume,N/A,East 77th Street / 165899762 / 2,0.124,yes,90,yes,2021-07,1: Weekday (M-Th),2: Peak AM (6am-10am),63,17,27,22.647,0.737,7.89,0.12,5.000,22.000,22.000
"Jan 01, 2021 - Dec 31, 2021",All Vehicles - StL All Vehicles Volume,N/A,East 77th Street / 165899762 / 2,0.124,yes,90,yes,2021-07,1: Weekday (M-Th),3: Mid-Day (10am-3pm),105,16,28,22.647,0.701,13.06,0.25,3.000,20.000,22.000
"Jan 01, 2021 - Dec 31, 2021",All Vehicles - StL All Vehicles Volume,N/A,East 77th Street / 165899762 / 2,0.124,yes,90,yes,2021-07,1: Weekday (M-Th),4: Peak PM (3pm-7pm),108,15,30,22.647,0.654,13.39,0.31,5.000,18.000,22.000
"Jan 01, 2021 - Dec 31, 2021",All Vehicles - StL All Vehicles Volume,N/A,East 77th Street / 165899762 / 2,0.124,yes,90,yes,2021-07,1: Weekday (M-Th),5: Late PM (7pm-12am),81,15,29,22.647,0.683,10.02,0.20,6.000,18.000,23.000
"Jan 01, 2021 - Dec 31, 2021",All Vehicles - StL All Vehicles Volume,N/A,East 77th Street / 165899762 / 2,0.124,yes,90,yes,2021-07,2: Weekend (Sa-Su),0: All Day (12am-12am),258,15,29,22.647,0.672,32.11,0.69,7.000,18.000,22.000
"Jan 01, 2021 - Dec 31, 2021",All Vehicles - StL All Vehicles Volume,N/A,East 77th Street / 165899762 / 2,0.124,yes,90,yes,2021-07,2: Weekend (Sa-Su),1: Early AM (12am-6am),18,16,29,22.647,0.684,2.27,0.05,15.000,18.000,18.000
"Jan 01, 2021 - Dec 31, 2021",All Vehicles - StL All Vehicles Volume,N/A,East 77th Street / 165899762 / 2,0.124,yes,90,yes,2021-07,2: Weekend (Sa-Su),2: Peak AM (6am-10am),27,16,27,22.647,0.725,3.35,0.06,8.000,19.000,19.000
"Jan 01, 2021 - Dec 31, 2021",All Vehicles - StL All Vehicles Volume,N/A,East 77th Street / 165899762 / 2,0.124,yes,90,yes,2021-07,2: Weekend (Sa-Su),3: Mid-Day (10am-3pm),81,15,30,22.647,0.668,10.06,0.22,8.000,19.000,22.000
"Jan 01, 2021 - Dec 31, 2021",All Vehicles - StL All Vehicles Volume,N/A,East 77th Street / 165899762 / 2,0.124,yes,90,yes,2021-07,2: Weekend (Sa-Su),4: Peak PM (3pm-7pm),70,15,29,22.647,0.678,8.65,0.18,6.000,19.000,22.000
"Jan 01, 2021 - Dec 31, 2021",All Vehicles - StL All Vehicles Volume,N/A,East 77th Street / 165899762 / 2,0.124,yes,90,yes,2021-07,2: Weekend (Sa-Su),5: Late PM (7pm-12am),63,15,31,22.647,0.642,7.78,0.19,9.000,18.000,22.000
"Jan 01, 2021 - Dec 31, 2021",All Vehicles - StL All Vehicles Volume,N/A,East 77th Street / 165899762 / 1,0.126,yes,90,yes,2021-08,0: All Days (M-Su),0: All Day (12am-12am),541,16,28,20.510,0.801,68.20,0.83,4.000,22.000,27.000
"Jan 01, 2021 - Dec 31, 2021",All Vehicles - StL All Vehicles Volume,N/A,East 77th Street / 165899762 / 1,0.126,yes,90,yes,2021-08,0: All Days (M-Su),1: Early AM (12am-6am),51,18,25,20.510,0.877,6.40,0.04,7.000,24.000,29.000
"Jan 01, 2021 - Dec 31, 2021",All Vehicles - StL All Vehicles Volume,N/A,East 77th Street / 165899762 / 1,0.126,yes,90,yes,2021-08,0: All Days (M-Su),2: Peak AM (6am-10am),112,18,26,20.510,0.863,14.07,0.11,5.000,23.000,30.000
"Jan 01, 2021 - Dec 31, 2021",All Vehicles - StL All Vehicles Volume,N/A,East 77th Street / 165899762 / 1,0.126,yes,90,yes,2021-08,0: All Days (M-Su),3: Mid-Day (10am-3pm),139,16,29,20.510,0.772,17.56,0.25,4.000,21.000,25.000
"Jan 01, 2021 - Dec 31, 2021",All Vehicles - StL All Vehicles Volume,N/A,East 77th Street / 165899762 / 1,0.126,yes,90,yes,2021-08,0: All Days (M-Su),4: Peak PM (3pm-7pm),144,16,29,20.510,0.775,18.15,0.26,4.000,21.000,24.000
"Jan 01, 2021 - Dec 31, 2021",All Vehicles - StL All Vehicles Volume,N/A,East 77th Street / 165899762 / 1,0.126,yes,90,yes,2021-08,0: All Days (M-Su),5: Late PM (7pm-12am),95,16,29,20.510,0.774,12.03,0.17,5.000,21.000,24.000
"Jan 01, 2021 - Dec 31, 2021",All Vehicles - StL All Vehicles Volume,N/A,East 77th Street / 165899762 / 1,0.126,yes,90,yes,2021-08,1: Weekday (M-Th),0: All Day (12am-12am),592,17,27,20.510,0.820,74.65,0.80,4.000,23.000,27.000
"Jan 01, 2021 - Dec 31, 2021",All Vehicles - StL All Vehicles Volume,N/A,East 77th Street / 165899762 / 1,0.126,yes,90,yes,2021-08,1: Weekday (M-Th),1: Early AM (12am-6am),57,19,24,20.510,0.927,7.14,0.03,10.000,27.000,29.000
"Jan 01, 2021 - Dec 31, 2021",All Vehicles - StL All Vehicles Volume,N/A,East 77th Street / 165899762 / 1,0.126,yes,90,yes,2021-08,1: Weekday (M-Th),2: Peak AM (6am-10am),135,18,26,20.510,0.865,16.98,0.13,4.000,23.000,31.000
"Jan 01, 2021 - Dec 31, 2021",All Vehicles - StL All Vehicles Volume,N/A,East 77th Street / 165899762 / 1,0.126,yes,90,yes,2021-08,1: Weekday (M-Th),3: Mid-Day (10am-3pm),151,16,28,20.510,0.803,19.07,0.23,4.000,22.000,26.000
"Jan 01, 2021 - Dec 31, 2021",All Vehicles - StL All Vehicles Volume,N/A,East 77th Street / 165899762 / 1,0.126,yes,90,yes,2021-08,1: Weekday (M-Th),4: Peak PM (3pm-7pm),161,16,28,20.510,0.778,20.28,0.28,4.000,21.000,24.000
"Jan 01, 2021 - Dec 31, 2021",All Vehicles - StL All Vehicles Volume,N/A,East 77th Street / 165899762 / 1,0.126,yes,90,yes,2021-08,1: Weekday (M-Th),5: Late PM (7pm-12am),89,16,28,20.510,0.790,11.17,0.14,6.000,22.000,25.000
"Jan 01, 2021 - Dec 31, 2021",All Vehicles - StL All Vehicles Volume,N/A,East 77th Street / 165899762 / 1,0.126,yes,90,yes,2021-08,2: Weekend (Sa-Su),0: All Day (12am-12am),385,16,29,20.510,0.757,48.57,0.76,5.000,21.000,24.000
"Jan 01, 2021 - Dec 31, 2021",All Vehicles - StL All Vehicles Volume,N/A,East 77th Street / 165899762 / 1,0.126,yes,90,yes,2021-08,2: Weekend (Sa-Su),1: Early AM (12am-6am),39,15,30,20.510,0.749,4.95,0.08,4.000,22.000,24.000
"Jan 01, 2021 - Dec 31, 2021",All Vehicles - StL All Vehicles Volume,N/A,East 77th Street / 165899762 / 1,0.126,yes,90,yes,2021-08,2: Weekend (Sa-Su),2: Peak AM (6am-10am),41,17,27,20.510,0.827,5.14,0.05,7.000,22.000,24.000
"Jan 01, 2021 - Dec 31, 2021",All Vehicles - StL All Vehicles Volume,N/A,East 77th Street / 165899762 / 1,0.126,yes,90,yes,2021-08,2: Weekend (Sa-Su),3: Mid-Day (10am-3pm),115,15,31,20.510,0.711,14.56,0.29,4.000,20.000,23.000
"Jan 01, 2021 - Dec 31, 2021",All Vehicles - StL All Vehicles Volume,N/A,East 77th Street / 165899762 / 1,0.126,yes,90,yes,2021-08,2: Weekend (Sa-Su),4: Peak PM (3pm-7pm),97,16,29,20.510,0.764,12.18,0.18,4.000,20.000,23.000
"Jan 01, 2021 - Dec 31, 2021",All Vehicles - StL All Vehicles Volume,N/A,East 77th Street / 165899762 / 1,0.126,yes,90,yes,2021-08,2: Weekend (Sa-Su),5: Late PM (7pm-12am),93,16,28,20.510,0.779,11.74,0.16,6.000,20.000,24.000
"Jan 01, 2021 - Dec 31, 2021",All Vehicles - StL All Vehicles Volume,N/A,East 77th Street / 165899762 / 2,0.124,yes,90,yes,2021-08,0: All Days (M-Su),0: All Day (12am-12am),434,15,29,21.504,0.713,54.02,1.01,5.000,19.000,22.000
"Jan 01, 2021 - Dec 31, 2021",All Vehicles - StL All Vehicles Volume,N/A,East 77th Street / 165899762 / 2,0.124,yes,90,yes,2021-08,0: All Days (M-Su),1: Early AM (12am-6am),43,17,26,21.504,0.797,5.38,0.06,5.000,22.000,24.000
"Jan 01, 2021 - Dec 31, 2021",All Vehicles - StL All Vehicles Volume,N/A,East 77th Street / 165899762 / 2,0.124,yes,90,yes,2021-08,0: All Days (M-Su),2: Peak AM (6am-10am),94,16,27,21.504,0.763,11.69,0.17,7.000,20.000,22.000
"Jan 01, 2021 - Dec 31, 2021",All Vehicles - StL All Vehicles Volume,N/A,East 77th Street / 165899762 / 2,0.124,yes,90,yes,2021-08,0: All Days (M-Su),3: Mid-Day (10am-3pm),117,15,30,21.504,0.701,14.52,0.29,5.000,19.000,22.000
"Jan 01, 2021 - Dec 31, 2021",All Vehicles - StL All Vehicles Volume,N/A,East 77th Street / 165899762 / 2,0.124,yes,90,yes,2021-08,0: All Days (M-Su),4: Peak PM (3pm-7pm),107,14,31,21.504,0.664,13.33,0.31,5.000,18.000,22.000
"Jan 01, 2021 - Dec 31, 2021",All Vehicles - StL All Vehicles Volume,N/A,East 77th Street / 165899762 / 2,0.124,yes,90,yes,2021-08,0: All Days (M-Su),5: Late PM (7pm-12am),73,15,30,21.504,0.691,9.10,0.19,4.000,19.000,23.000
"Jan 01, 2021 - Dec 31, 2021",All Vehicles - StL All Vehicles Volume,N/A,East 77th Street / 165899762 / 2,0.124,yes,90,yes,2021-08,1: Weekday (M-Th),0: All Day (12am-12am),483,15,29,21.504,0.711,60.08,1.13,5.000,19.000,22.000
"Jan 01, 2021 - Dec 31, 2021",All Vehicles - StL All Vehicles Volume,N/A,East 77th Street / 165899762 / 2,0.124,yes,90,yes,2021-08,1: Weekday (M-Th),1: Early AM (12am-6am),46,18,26,21.504,0.815,5.72,0.06,3.000,23.000,26.000
"Jan 01, 2021 - Dec 31, 2021",All Vehicles - StL All Vehicles Volume,N/A,East 77th Street / 165899762 / 2,0.124,yes,90,yes,2021-08,1: Weekday (M-Th),2: Peak AM (6am-10am),116,16,28,21.504,0.745,14.41,0.23,6.000,20.000,22.000
"Jan 01, 2021 - Dec 31, 2021",All Vehicles - StL All Vehicles Volume,N/A,East 77th Street / 165899762 / 2,0.124,yes,90,yes,2021-08,1: Weekday (M-Th),3: Mid-Day (10am-3pm),135,15,30,21.504,0.692,16.84,0.35,4.000,18.000,22.000
"Jan 01, 2021 - Dec 31, 2021",All Vehicles - StL All Vehicles Volume,N/A,East 77th Street / 165899762 / 2,0.124,yes,90,yes,2021-08,1: Weekday (M-Th),4: Peak PM (3pm-7pm),119,14,31,21.504,0.663,14.80,0.35,5.000,18.000,21.000
"Jan 01, 2021 - Dec 31, 2021",All Vehicles - StL All Vehicles Volume,N/A,East 77th Street / 165899762 / 2,0.124,yes,90,yes,2021-08,1: Weekday (M-Th),5: Late PM (7pm-12am),67,15,29,21.504,0.708,8.30,0.16,6.000,21.000,22.000
"Jan 01, 2021 - Dec 31, 2021",All Vehicles - StL All Vehicles Volume,N/A,East 77th Street / 165899762 / 2,0.124,yes,90,yes,2021-08,2: Weekend (Sa-Su),0: All Day (12am-12am),301,15,30,21.504,0.690,37.39,0.78,5.000,18.000,22.000
"Jan 01, 2021 - Dec 31, 2021",All Vehicles - StL All Vehicles Volume,N/A,East 77th Street / 165899762 / 2,0.124,yes,90,yes,2021-08,2: Weekend (Sa-Su),1: Early AM (12am-6am),36,16,28,21.504,0.750,4.43,0.07,6.000,19.000,20.000
"Jan 01, 2021 - Dec 31, 2021",All Vehicles - StL All Vehicles Volume,N/A,East 77th Street / 165899762 / 2,0.124,yes,90,yes,2021-08,2: Weekend (Sa-Su),2: Peak AM (6am-10am),25,17,26,21.504,0.794,3.13,0.04,5.000,18.000,37.000
"Jan 01, 2021 - Dec 31, 2021",All Vehicles - StL All Vehicles Volume,N/A,East 77th Street / 165899762 / 2,0.124,yes,90,yes,2021-08,2: Weekend (Sa-Su),3: Mid-Day (10am-3pm),86,15,29,21.504,0.706,10.70,0.21,11.000,19.000,22.000
"Jan 01, 2021 - Dec 31, 2021",All Vehicles - StL All Vehicles Volume,N/A,East 77th Street / 165899762 / 2,0.124,yes,90,yes,2021-08,2: Weekend (Sa-Su),4: Peak PM (3pm-7pm),78,14,32,21.504,0.644,9.73,0.25,5.000,18.000,22.000
"Jan 01, 2021 - Dec 31, 2021",All Vehicles - StL All Vehicles Volume,N/A,East 77th Street / 165899762 / 2,0.124,yes,90,yes,2021-08,2: Weekend (Sa-Su),5: Late PM (7pm-12am),76,14,32,21.504,0.657,9.40,0.23,4.000,18.000,18.000
"Jan 01, 2021 - Dec 31, 2021",All Vehicles - StL All Vehicles Volume,N/A,East 77th Street / 165899762 / 1,0.126,yes,90,yes,2021-09,0: All Days (M-Su),0: All Day (12am-12am),598,17,27,26.942,0.621,75.45,1.71,4.000,23.000,29.000
"Jan 01, 2021 - Dec 31, 2021",All Vehicles - StL All Vehicles Volume,N/A,East 77th Street / 165899762 / 1,0.126,yes,90,yes,2021-09,0: All Days (M-Su),1: Early AM (12am-6am),50,20,23,26.942,0.727,6.32,0.09,6.000,27.000,34.000
"Jan 01, 2021 - Dec 31, 2021",All Vehicles - StL All Vehicles Volume,N/A,East 77th Street / 165899762 / 1,0.126,yes,90,yes,2021-09,0: All Days (M-Su),2: Peak AM (6am-10am),136,17,27,26.942,0.633,17.14,0.37,4.000,23.000,30.000
"Jan 01, 2021 - Dec 31, 2021",All Vehicles - StL All Vehicles Volume,N/A,East 77th Street / 165899762 / 1,0.126,yes,90,yes,2021-09,0: All Days (M-Su),3: Mid-Day (10am-3pm),145,17,27,26.942,0.615,18.26,0.42,4.000,23.000,30.000
"Jan 01, 2021 - Dec 31, 2021",All Vehicles - StL All Vehicles Volume,N/A,East 77th Street / 165899762 / 1,0.126,yes,90,yes,2021-09,0: All Days (M-Su),4: Peak PM (3pm-7pm),157,16,28,26.942,0.598,19.86,0.50,4.000,21.000,25.000
"Jan 01, 2021 - Dec 31, 2021",All Vehicles - StL All Vehicles Volume,N/A,East 77th Street / 165899762 / 1,0.126,yes,90,yes,2021-09,0: All Days (M-Su),5: Late PM (7pm-12am),110,16,28,26.942,0.599,13.87,0.34,4.000,21.000,25.000
"Jan 01, 2021 - Dec 31, 2021",All Vehicles - StL All Vehicles Volume,N/A,East 77th Street / 165899762 / 1,0.126,yes,90,yes,2021-09,1: Weekday (M-Th),0: All Day (12am-12am),656,17,27,26.942,0.628,82.69,1.82,4.000,23.000,29.000
"Jan 01, 2021 - Dec 31, 2021",All Vehicles - StL All Vehicles Volume,N/A,East 77th Street / 165899762 / 1,0.126,yes,90,yes,2021-09,1: Weekday (M-Th),1: Early AM (12am-6am),55,21,22,26.942,0.763,6.89,0.08,10.000,30.000,37.000
"Jan 01, 2021 - Dec 31, 2021",All Vehicles - StL All Vehicles Volume,N/A,East 77th Street / 165899762 / 1,0.126,yes,90,yes,2021-09,1: Weekday (M-Th),2: Peak AM (6am-10am),171,17,26,26.942,0.636,21.57,0.46,4.000,23.000,28.000
"Jan 01, 2021 - Dec 31, 2021",All Vehicles - StL All Vehicles Volume,N/A,East 77th Street / 165899762 / 1,0.126,yes,90,yes,2021-09,1: Weekday (M-Th),3: Mid-Day (10am-3pm),155,17,27,26.942,0.625,19.56,0.44,5.000,23.000,30.000
"Jan 01, 2021 - Dec 31, 2021",All Vehicles - StL All Vehicles Volume,N/A,East 77th Street / 165899762 / 1,0.126,yes,90,yes,2021-09,1: Weekday (M-Th),4: Peak PM (3pm-7pm),170,16,28,26.942,0.599,21.43,0.53,4.000,21.000,25.000
"Jan 01, 2021 - Dec 31, 2021",All Vehicles - StL All Vehicles Volume,N/A,East 77th Street / 165899762 / 1,0.126,yes,90,yes,2021-09,1: Weekday (M-Th),5: Late PM (7pm-12am),105,16,28,26.942,0.599,13.24,0.33,4.000,21.000,25.000
"Jan 01, 2021 - Dec 31, 2021",All Vehicles - StL All Vehicles Volume,N/A,East 77th Street / 165899762 / 1,0.126,yes,90,yes,2021-09,2: Weekend (Sa-Su),0: All Day (12am-12am),389,16,28,26.942,0.606,49.07,1.18,5.000,22.000,27.000
"Jan 01, 2021 - Dec 31, 2021",All Vehicles - StL All Vehicles Volume,N/A,East 77th Street / 165899762 / 1,0.126,yes,90,yes,2021-09,2: Weekend (Sa-Su),1: Early AM (12am-6am),37,17,27,26.942,0.628,4.62,0.10,7.000,24.000,36.000
"Jan 01, 2021 - Dec 31, 2021",All Vehicles - StL All Vehicles Volume,N/A,East 77th Street / 165899762 / 1,0.126,yes,90,yes,2021-09,2: Weekend (Sa-Su),2: Peak AM (6am-10am),39,17,27,26.942,0.613,4.86,0.11,4.000,23.000,31.000
"Jan 01, 2021 - Dec 31, 2021",All Vehicles - StL All Vehicles Volume,N/A,East 77th Street / 165899762 / 1,0.126,yes,90,yes,2021-09,2: Weekend (Sa-Su),3: Mid-Day (10am-3pm),108,16,28,26.942,0.607,13.61,0.33,4.000,23.000,29.000
"Jan 01, 2021 - Dec 31, 2021",All Vehicles - StL All Vehicles Volume,N/A,East 77th Street / 165899762 / 1,0.126,yes,90,yes,2021-09,2: Weekend (Sa-Su),4: Peak PM (3pm-7pm),101,16,28,26.942,0.606,12.79,0.31,5.000,21.000,25.000
"Jan 01, 2021 - Dec 31, 2021",All Vehicles - StL All Vehicles Volume,N/A,East 77th Street / 165899762 / 1,0.126,yes,90,yes,2021-09,2: Weekend (Sa-Su),5: Late PM (7pm-12am),105,16,28,26.942,0.595,13.19,0.33,4.000,22.000,25.000
"Jan 01, 2021 - Dec 31, 2021",All Vehicles - StL All Vehicles Volume,N/A,East 77th Street / 165899762 / 2,0.124,yes,90,yes,2021-09,0: All Days (M-Su),0: All Day (12am-12am),483,16,28,24.658,0.641,60.08,1.36,4.000,20.000,23.000
"Jan 01, 2021 - Dec 31, 2021",All Vehicles - StL All Vehicles Volume,N/A,East 77th Street / 165899762 / 2,0.124,yes,90,yes,2021-09,0: All Days (M-Su),1: Early AM (12am-6am),40,18,25,24.658,0.730,5.00,0.08,6.000,22.000,27.000
"Jan 01, 2021 - Dec 31, 2021",All Vehicles - StL All Vehicles Volume,N/A,East 77th Street / 165899762 / 2,0.124,yes,90,yes,2021-09,0: All Days (M-Su),2: Peak AM (6am-10am),103,17,26,24.658,0.686,12.77,0.24,10.000,22.000,26.000
"Jan 01, 2021 - Dec 31, 2021",All Vehicles - StL All Vehicles Volume,N/A,East 77th Street / 165899762 / 2,0.124,yes,90,yes,2021-09,0: All Days (M-Su),3: Mid-Day (10am-3pm),121,16,29,24.658,0.629,15.07,0.36,3.000,20.000,23.000
"Jan 01, 2021 - Dec 31, 2021",All Vehicles - StL All Vehicles Volume,N/A,East 77th Street / 165899762 / 2,0.124,yes,90,yes,2021-09,0: All Days (M-Su),4: Peak PM (3pm-7pm),139,16,29,24.658,0.629,17.29,0.41,6.000,19.000,22.000
"Jan 01, 2021 - Dec 31, 2021",All Vehicles - StL All Vehicles Volume,N/A,East 77th Street / 165899762 / 2,0.124,yes,90,yes,2021-09,0: All Days (M-Su),5: Late PM (7pm-12am),80,14,31,24.658,0.579,9.94,0.29,3.000,18.000,21.000
"Jan 01, 2021 - Dec 31, 2021",All Vehicles - StL All Vehicles Volume,N/A,East 77th Street / 165899762 / 2,0.124,yes,90,yes,2021-09,1: Weekday (M-Th),0: All Day (12am-12am),517,16,28,24.658,0.653,64.24,1.38,4.000,21.000,23.000
"Jan 01, 2021 - Dec 31, 2021",All Vehicles - StL All Vehicles Volume,N/A,East 77th Street / 165899762 / 2,0.124,yes,90,yes,2021-09,1: Weekday (M-Th),1: Early AM (12am-6am),43,18,25,24.658,0.719,5.38,0.09,6.000,22.000,29.000
"Jan 01, 2021 - Dec 31, 2021",All Vehicles - StL All Vehicles Volume,N/A,East 77th Street / 165899762 / 2,0.124,yes,90,yes,2021-09,1: Weekday (M-Th),2: Peak AM (6am-10am),127,17,26,24.658,0.692,15.74,0.28,11.000,22.000,26.000
"Jan 01, 2021 - Dec 31, 2021",All Vehicles - StL All Vehicles Volume,N/A,East 77th Street / 165899762 / 2,0.124,yes,90,yes,2021-09,1: Weekday (M-Th),3: Mid-Day (10am-3pm),128,15,29,24.658,0.628,15.90,0.38,3.000,20.000,23.000
"Jan 01, 2021 - Dec 31, 2021",All Vehicles - StL All Vehicles Volume,N/A,East 77th Street / 165899762 / 2,0.124,yes,90,yes,2021-09,1: Weekday (M-Th),4: Peak PM (3pm-7pm),146,16,28,24.658,0.649,18.12,0.40,7.000,19.000,22.000
"Jan 01, 2021 - Dec 31, 2021",All Vehicles - StL All Vehicles Volume,N/A,East 77th Street / 165899762 / 2,0.124,yes,90,yes,2021-09,1: Weekday (M-Th),5: Late PM (7pm-12am),73,15,30,24.658,0.598,9.10,0.25,3.000,18.000,21.000
"Jan 01, 2021 - Dec 31, 2021",All Vehicles - StL All Vehicles Volume,N/A,East 77th Street / 165899762 / 2,0.124,yes,90,yes,2021-09,2: Weekend (Sa-Su),0: All Day (12am-12am),340,15,30,24.658,0.614,42.29,1.08,4.000,19.000,22.000
"Jan 01, 2021 - Dec 31, 2021",All Vehicles - StL All Vehicles Volume,N/A,East 77th Street / 165899762 / 2,0.124,yes,90,yes,2021-09,2: Weekend (Sa-Su),1: Early AM (12am-6am),33,17,26,24.658,0.702,4.15,0.07,10.000,19.000,21.000
"Jan 01, 2021 - Dec 31, 2021",All Vehicles - StL All Vehicles Volume,N/A,East 77th Street / 165899762 / 2,0.124,yes,90,yes,2021-09,2: Weekend (Sa-Su),2: Peak AM (6am-10am),34,16,28,24.658,0.658,4.28,0.09,2.000,19.000,21.000
"Jan 01, 2021 - Dec 31, 2021",All Vehicles - StL All Vehicles Volume,N/A,East 77th Street / 165899762 / 2,0.124,yes,90,yes,2021-09,2: Weekend (Sa-Su),3: Mid-Day (10am-3pm),97,16,28,24.658,0.645,12.02,0.27,3.000,21.000,24.000
"Jan 01, 2021 - Dec 31, 2021",All Vehicles - StL All Vehicles Volume,N/A,East 77th Street / 165899762 / 2,0.124,yes,90,yes,2021-09,2: Weekend (Sa-Su),4: Peak PM (3pm-7pm),93,15,31,24.658,0.594,11.61,0.32,4.000,18.000,21.000
"Jan 01, 2021 - Dec 31, 2021",All Vehicles - StL All Vehicles Volume,N/A,East 77th Street / 165899762 / 2,0.124,yes,90,yes,2021-09,2: Weekend (Sa-Su),5: Late PM (7pm-12am),82,13,33,24.658,0.546,10.23,0.34,4.000,18.000,20.000
"Jan 01, 2021 - Dec 31, 2021",All Vehicles - StL All Vehicles Volume,N/A,East 77th Street / 165899762 / 1,0.126,yes,90,yes,2021-10,0: All Days (M-Su),0: All Day (12am-12am),572,17,27,23.897,0.692,72.17,1.35,4.000,23.000,27.000
"Jan 01, 2021 - Dec 31, 2021",All Vehicles - StL All Vehicles Volume,N/A,East 77th Street / 165899762 / 1,0.126,yes,90,yes,2021-10,0: All Days (M-Su),1: Early AM (12am-6am),50,19,24,23.897,0.788,6.24,0.07,7.000,25.000,33.000
"Jan 01, 2021 - Dec 31, 2021",All Vehicles - StL All Vehicles Volume,N/A,East 77th Street / 165899762 / 1,0.126,yes,90,yes,2021-10,0: All Days (M-Su),2: Peak AM (6am-10am),119,17,26,23.897,0.729,14.94,0.23,4.000,23.000,29.000
"Jan 01, 2021 - Dec 31, 2021",All Vehicles - StL All Vehicles Volume,N/A,East 77th Street / 165899762 / 1,0.126,yes,90,yes,2021-10,0: All Days (M-Su),3: Mid-Day (10am-3pm),145,16,29,23.897,0.666,18.24,0.38,4.000,23.000,28.000
"Jan 01, 2021 - Dec 31, 2021",All Vehicles - StL All Vehicles Volume,N/A,East 77th Street / 165899762 / 1,0.126,yes,90,yes,2021-10,0: All Days (M-Su),4: Peak PM (3pm-7pm),152,16,29,23.897,0.666,19.16,0.40,4.000,22.000,26.000
"Jan 01, 2021 - Dec 31, 2021",All Vehicles - StL All Vehicles Volume,N/A,East 77th Street / 165899762 / 1,0.126,yes,90,yes,2021-10,0: All Days (M-Su),5: Late PM (7pm-12am),108,16,28,23.897,0.677,13.59,0.27,6.000,21.000,24.000
"Jan 01, 2021 - Dec 31, 2021",All Vehicles - StL All Vehicles Volume,N/A,East 77th Street / 165899762 / 1,0.126,yes,90,yes,2021-10,1: Weekday (M-Th),0: All Day (12am-12am),637,17,27,23.897,0.694,80.27,1.48,4.000,23.000,27.000
"Jan 01, 2021 - Dec 31, 2021",All Vehicles - StL All Vehicles Volume,N/A,East 77th Street / 165899762 / 1,0.126,yes,90,yes,2021-10,1: Weekday (M-Th),1: Early AM (12am-6am),56,20,22,23.897,0.857,7.04,0.05,6.000,28.000,36.000
"Jan 01, 2021 - Dec 31, 2021",All Vehicles - StL All Vehicles Volume,N/A,East 77th Street / 165899762 / 1,0.126,yes,90,yes,2021-10,1: Weekday (M-Th),2: Peak AM (6am-10am),150,17,26,23.897,0.723,18.91,0.30,5.000,23.000,28.000
"Jan 01, 2021 - Dec 31, 2021",All Vehicles - StL All Vehicles Volume,N/A,East 77th Street / 165899762 / 1,0.126,yes,90,yes,2021-10,1: Weekday (M-Th),3: Mid-Day (10am-3pm),158,16,29,23.897,0.650,19.95,0.45,3.000,23.000,28.000
"Jan 01, 2021 - Dec 31, 2021",All Vehicles - StL All Vehicles Volume,N/A,East 77th Street / 165899762 / 1,0.126,yes,90,yes,2021-10,1: Weekday (M-Th),4: Peak PM (3pm-7pm),161,16,29,23.897,0.650,20.31,0.46,4.000,21.000,23.000
"Jan 01, 2021 - Dec 31, 2021",All Vehicles - StL All Vehicles Volume,N/A,East 77th Street / 165899762 / 1,0.126,yes,90,yes,2021-10,1: Weekday (M-Th),5: Late PM (7pm-12am),111,17,27,23.897,0.700,14.06,0.25,5.000,21.000,24.000
"Jan 01, 2021 - Dec 31, 2021",All Vehicles - StL All Vehicles Volume,N/A,East 77th Street / 165899762 / 1,0.126,yes,90,yes,2021-10,2: Weekend (Sa-Su),0: All Day (12am-12am),391,16,28,23.897,0.675,49.36,0.99,5.000,22.000,26.000
"Jan 01, 2021 - Dec 31, 2021",All Vehicles - StL All Vehicles Volume,N/A,East 77th Street / 165899762 / 1,0.126,yes,90,yes,2021-10,2: Weekend (Sa-Su),1: Early AM (12am-6am),40,17,27,23.897,0.693,5.04,0.09,11.000,21.000,23.000
"Jan 01, 2021 - Dec 31, 2021",All Vehicles - StL All Vehicles Volume,N/A,East 77th Street / 165899762 / 1,0.126,yes,90,yes,2021-10,2: Weekend (Sa-Su),2: Peak AM (6am-10am),49,17,26,23.897,0.731,6.23,0.10,4.000,23.000,27.000
"Jan 01, 2021 - Dec 31, 2021",All Vehicles - StL All Vehicles Volume,N/A,East 77th Street / 165899762 / 1,0.126,yes,90,yes,2021-10,2: Weekend (Sa-Su),3: Mid-Day (10am-3pm),106,16,28,23.897,0.680,13.31,0.26,4.000,23.000,25.000
"Jan 01, 2021 - Dec 31, 2021",All Vehicles - StL All Vehicles Volume,N/A,East 77th Street / 165899762 / 1,0.126,yes,90,yes,2021-10,2: Weekend (Sa-Su),4: Peak PM (3pm-7pm),107,16,29,23.897,0.664,13.46,0.29,4.000,23.000,28.000
"Jan 01, 2021 - Dec 31, 2021",All Vehicles - StL All Vehicles Volume,N/A,East 77th Street / 165899762 / 1,0.126,yes,90,yes,2021-10,2: Weekend (Sa-Su),5: Late PM (7pm-12am),90,15,30,23.897,0.643,11.31,0.26,6.000,21.000,25.000
"Jan 01, 2021 - Dec 31, 2021",All Vehicles - StL All Vehicles Volume,N/A,East 77th Street / 165899762 / 2,0.124,yes,90,yes,2021-10,0: All Days (M-Su),0: All Day (12am-12am),455,15,29,23.006,0.669,56.53,1.21,5.000,19.000,22.000
"Jan 01, 2021 - Dec 31, 2021",All Vehicles - StL All Vehicles Volume,N/A,East 77th Street / 165899762 / 2,0.124,yes,90,yes,2021-10,0: All Days (M-Su),1: Early AM (12am-6am),38,18,25,23.006,0.783,4.71,0.06,6.000,22.000,29.000
"Jan 01, 2021 - Dec 31, 2021",All Vehicles - StL All Vehicles Volume,N/A,East 77th Street / 165899762 / 2,0.124,yes,90,yes,2021-10,0: All Days (M-Su),2: Peak AM (6am-10am),97,16,28,23.006,0.687,12.09,0.24,9.000,20.000,22.000
"Jan 01, 2021 - Dec 31, 2021",All Vehicles - StL All Vehicles Volume,N/A,East 77th Street / 165899762 / 2,0.124,yes,90,yes,2021-10,0: All Days (M-Su),3: Mid-Day (10am-3pm),116,15,30,23.006,0.650,14.40,0.34,5.000,20.000,22.000
"Jan 01, 2021 - Dec 31, 2021",All Vehicles - StL All Vehicles Volume,N/A,East 77th Street / 165899762 / 2,0.124,yes,90,yes,2021-10,0: All Days (M-Su),4: Peak PM (3pm-7pm),126,15,29,23.006,0.672,15.60,0.33,5.000,19.000,22.000
"Jan 01, 2021 - Dec 31, 2021",All Vehicles - StL All Vehicles Volume,N/A,East 77th Street / 165899762 / 2,0.124,yes,90,yes,2021-10,0: All Days (M-Su),5: Late PM (7pm-12am),78,14,32,23.006,0.614,9.71,0.27,4.000,18.000,22.000
"Jan 01, 2021 - Dec 31, 2021",All Vehicles - StL All Vehicles Volume,N/A,East 77th Street / 165899762 / 2,0.124,yes,90,yes,2021-10,1: Weekday (M-Th),0: All Day (12am-12am),506,15,29,23.006,0.664,62.86,1.38,5.000,20.000,22.000
"Jan 01, 2021 - Dec 31, 2021",All Vehicles - StL All Vehicles Volume,N/A,East 77th Street / 165899762 / 2,0.124,yes,90,yes,2021-10,1: Weekday (M-Th),1: Early AM (12am-6am),37,20,23,23.006,0.857,4.60,0.03,14.000,22.000,29.000
"Jan 01, 2021 - Dec 31, 2021",All Vehicles - StL All Vehicles Volume,N/A,East 77th Street / 165899762 / 2,0.124,yes,90,yes,2021-10,1: Weekday (M-Th),2: Peak AM (6am-10am),118,16,28,23.006,0.685,14.71,0.29,9.000,21.000,22.000
"Jan 01, 2021 - Dec 31, 2021",All Vehicles - StL All Vehicles Volume,N/A,East 77th Street / 165899762 / 2,0.124,yes,90,yes,2021-10,1: Weekday (M-Th),3: Mid-Day (10am-3pm),124,15,30,23.006,0.640,15.38,0.38,4.000,20.000,22.000
"Jan 01, 2021 - Dec 31, 2021",All Vehicles - StL All Vehicles Volume,N/A,East 77th Street / 165899762 / 2,0.124,yes,90,yes,2021-10,1: Weekday (M-Th),4: Peak PM (3pm-7pm),139,15,30,23.006,0.644,17.22,0.41,4.000,19.000,22.000
"Jan 01, 2021 - Dec 31, 2021",All Vehicles - StL All Vehicles Volume,N/A,East 77th Street / 165899762 / 2,0.124,yes,90,yes,2021-10,1: Weekday (M-Th),5: Late PM (7pm-12am),88,14,31,23.006,0.618,10.95,0.29,4.000,18.000,22.000
"Jan 01, 2021 - Dec 31, 2021",All Vehicles - StL All Vehicles Volume,N/A,East 77th Street / 165899762 / 2,0.124,yes,90,yes,2021-10,2: Weekend (Sa-Su),0: All Day (12am-12am),338,15,30,23.006,0.650,42.02,0.99,5.000,18.000,22.000
"Jan 01, 2021 - Dec 31, 2021",All Vehicles - StL All Vehicles Volume,N/A,East 77th Street / 165899762 / 2,0.124,yes,90,yes,2021-10,2: Weekend (Sa-Su),1: Early AM (12am-6am),42,15,31,23.006,0.635,5.24,0.13,5.000,18.000,21.000
"Jan 01, 2021 - Dec 31, 2021",All Vehicles - StL All Vehicles Volume,N/A,East 77th Street / 165899762 / 2,0.124,yes,90,yes,2021-10,2: Weekend (Sa-Su),2: Peak AM (6am-10am),47,15,30,23.006,0.650,5.80,0.14,6.000,18.000,18.000
"Jan 01, 2021 - Dec 31, 2021",All Vehicles - StL All Vehicles Volume,N/A,East 77th Street / 165899762 / 2,0.124,yes,90,yes,2021-10,2: Weekend (Sa-Su),3: Mid-Day (10am-3pm),103,15,30,23.006,0.651,12.82,0.30,6.000,20.000,22.000
"Jan 01, 2021 - Dec 31, 2021",All Vehicles - StL All Vehicles Volume,N/A,East 77th Street / 165899762 / 2,0.124,yes,90,yes,2021-10,2: Weekend (Sa-Su),4: Peak PM (3pm-7pm),88,16,29,23.006,0.676,10.92,0.23,6.000,18.000,22.000
"Jan 01, 2021 - Dec 31, 2021",All Vehicles - StL All Vehicles Volume,N/A,East 77th Street / 165899762 / 2,0.124,yes,90,yes,2021-10,2: Weekend (Sa-Su),5: Late PM (7pm-12am),58,14,32,23.006,0.617,7.25,0.20,4.000,18.000,19.000
"Jan 01, 2021 - Dec 31, 2021",All Vehicles - StL All Vehicles Volume,N/A,East 77th Street / 165899762 / 1,0.126,yes,90,yes,2021-11,0: All Days (M-Su),0: All Day (12am-12am),574,17,27,20.323,0.813,72.38,0.82,4.000,22.000,26.000
"Jan 01, 2021 - Dec 31, 2021",All Vehicles - StL All Vehicles Volume,N/A,East 77th Street / 165899762 / 1,0.126,yes,90,yes,2021-11,0: All Days (M-Su),1: Early AM (12am-6am),42,18,26,20.323,0.874,5.31,0.04,7.000,22.000,28.000
"Jan 01, 2021 - Dec 31, 2021",All Vehicles - StL All Vehicles Volume,N/A,East 77th Street / 165899762 / 1,0.126,yes,90,yes,2021-11,0: All Days (M-Su),2: Peak AM (6am-10am),108,17,26,20.323,0.847,13.60,0.12,4.000,23.000,29.000
"Jan 01, 2021 - Dec 31, 2021",All Vehicles - StL All Vehicles Volume,N/A,East 77th Street / 165899762 / 1,0.126,yes,90,yes,2021-11,0: All Days (M-Su),3: Mid-Day (10am-3pm),155,17,27,20.323,0.828,19.58,0.20,5.000,23.000,27.000
"Jan 01, 2021 - Dec 31, 2021",All Vehicles - StL All Vehicles Volume,N/A,East 77th Street / 165899762 / 1,0.126,yes,90,yes,2021-11,0: All Days (M-Su),4: Peak PM (3pm-7pm),160,15,29,20.323,0.763,20.24,0.31,4.000,21.000,24.000
"Jan 01, 2021 - Dec 31, 2021",All Vehicles - StL All Vehicles Volume,N/A,East 77th Street / 165899762 / 1,0.126,yes,90,yes,2021-11,0: All Days (M-Su),5: Late PM (7pm-12am),108,16,28,20.323,0.806,13.65,0.16,5.000,21.000,26.000
"Jan 01, 2021 - Dec 31, 2021",All Vehicles - StL All Vehicles Volume,N/A,East 77th Street / 165899762 / 1,0.126,yes,90,yes,2021-11,1: Weekday (M-Th),0: All Day (12am-12am),630,16,28,20.323,0.809,79.38,0.92,4.000,22.000,26.000
"Jan 01, 2021 - Dec 31, 2021",All Vehicles - StL All Vehicles Volume,N/A,East 77th Street / 165899762 / 1,0.126,yes,90,yes,2021-11,1: Weekday (M-Th),1: Early AM (12am-6am),42,19,24,20.323,0.929,5.29,0.02,10.000,24.000,29.000
"Jan 01, 2021 - Dec 31, 2021",All Vehicles - StL All Vehicles Volume,N/A,East 77th Street / 165899762 / 1,0.126,yes,90,yes,2021-11,1: Weekday (M-Th),2: Peak AM (6am-10am),127,17,27,20.323,0.832,16.02,0.16,4.000,23.000,29.000
"Jan 01, 2021 - Dec 31, 2021",All Vehicles - StL All Vehicles Volume,N/A,East 77th Street / 165899762 / 1,0.126,yes,90,yes,2021-11,1: Weekday (M-Th),3: Mid-Day (10am-3pm),169,17,27,20.323,0.818,21.29,0.23,4.000,23.000,26.000
"Jan 01, 2021 - Dec 31, 2021",All Vehicles - StL All Vehicles Volume,N/A,East 77th Street / 165899762 / 1,0.126,yes,90,yes,2021-11,1: Weekday (M-Th),4: Peak PM (3pm-7pm),184,15,30,20.323,0.754,23.25,0.37,4.000,21.000,24.000
"Jan 01, 2021 - Dec 31, 2021",All Vehicles - StL All Vehicles Volume,N/A,East 77th Street / 165899762 / 1,0.126,yes,90,yes,2021-11,1: Weekday (M-Th),5: Late PM (7pm-12am),107,17,27,20.323,0.817,13.53,0.15,6.000,21.000,25.000
"Jan 01, 2021 - Dec 31, 2021",All Vehicles - StL All Vehicles Volume,N/A,East 77th Street / 165899762 / 1,0.126,yes,90,yes,2021-11,2: Weekend (Sa-Su),0: All Day (12am-12am),372,16,28,20.323,0.810,46.85,0.54,5.000,22.000,26.000
"Jan 01, 2021 - Dec 31, 2021",All Vehicles - StL All Vehicles Volume,N/A,East 77th Street / 165899762 / 1,0.126,yes,90,yes,2021-11,2: Weekend (Sa-Su),1: Early AM (12am-6am),44,16,29,20.323,0.775,5.57,0.08,6.000,21.000,23.000
"Jan 01, 2021 - Dec 31, 2021",All Vehicles - StL All Vehicles Volume,N/A,East 77th Street / 165899762 / 1,0.126,yes,90,yes,2021-11,2: Weekend (Sa-Su),2: Peak AM (6am-10am),51,17,26,20.323,0.854,6.37,0.05,3.000,23.000,27.000
"Jan 01, 2021 - Dec 31, 2021",All Vehicles - StL All Vehicles Volume,N/A,East 77th Street / 165899762 / 1,0.126,yes,90,yes,2021-11,2: Weekend (Sa-Su),3: Mid-Day (10am-3pm),93,17,27,20.323,0.843,11.76,0.11,5.000,23.000,27.000
"Jan 01, 2021 - Dec 31, 2021",All Vehicles - StL All Vehicles Volume,N/A,East 77th Street / 165899762 / 1,0.126,yes,90,yes,2021-11,2: Weekend (Sa-Su),4: Peak PM (3pm-7pm),97,16,29,20.323,0.781,12.23,0.17,6.000,20.000,25.000
"Jan 01, 2021 - Dec 31, 2021",All Vehicles - StL All Vehicles Volume,N/A,East 77th Street / 165899762 / 1,0.126,yes,90,yes,2021-11,2: Weekend (Sa-Su),5: Late PM (7pm-12am),87,16,28,20.323,0.800,10.92,0.13,5.000,21.000,25.000
"Jan 01, 2021 - Dec 31, 2021",All Vehicles - StL All Vehicles Volume,N/A,East 77th Street / 165899762 / 2,0.124,yes,90,yes,2021-11,0: All Days (M-Su),0: All Day (12am-12am),448,16,29,21.263,0.730,55.67,0.97,5.000,20.000,22.000
"Jan 01, 2021 - Dec 31, 2021",All Vehicles - StL All Vehicles Volume,N/A,East 77th Street / 165899762 / 2,0.124,yes,90,yes,2021-11,0: All Days (M-Su),1: Early AM (12am-6am),32,17,27,21.263,0.785,3.96,0.05,3.000,22.000,22.000
"Jan 01, 2021 - Dec 31, 2021",All Vehicles - StL All Vehicles Volume,N/A,East 77th Street / 165899762 / 2,0.124,yes,90,yes,2021-11,0: All Days (M-Su),2: Peak AM (6am-10am),79,17,27,21.263,0.790,9.84,0.12,10.000,22.000,22.000
"Jan 01, 2021 - Dec 31, 2021",All Vehicles - StL All Vehicles Volume,N/A,East 77th Street / 165899762 / 2,0.124,yes,90,yes,2021-11,0: All Days (M-Su),3: Mid-Day (10am-3pm),130,15,29,21.263,0.726,16.19,0.29,4.000,21.000,22.000
"Jan 01, 2021 - Dec 31, 2021",All Vehicles - StL All Vehicles Volume,N/A,East 77th Street / 165899762 / 2,0.124,yes,90,yes,2021-11,0: All Days (M-Su),4: Peak PM (3pm-7pm),130,15,29,21.263,0.718,16.18,0.30,6.000,19.000,22.000
"Jan 01, 2021 - Dec 31, 2021",All Vehicles - StL All Vehicles Volume,N/A,East 77th Street / 165899762 / 2,0.124,yes,90,yes,2021-11,0: All Days (M-Su),5: Late PM (7pm-12am),76,14,31,21.263,0.672,9.50,0.22,4.000,18.000,22.000
"Jan 01, 2021 - Dec 31, 2021",All Vehicles - StL All Vehicles Volume,N/A,East 77th Street / 165899762 / 2,0.124,yes,90,yes,2021-11,1: Weekday (M-Th),0: All Day (12am-12am),489,16,28,21.263,0.745,60.75,0.98,6.000,20.000,22.000
"Jan 01, 2021 - Dec 31, 2021",All Vehicles - StL All Vehicles Volume,N/A,East 77th Street / 165899762 / 2,0.124,yes,90,yes,2021-11,1: Weekday (M-Th),1: Early AM (12am-6am),31,18,25,21.263,0.836,3.88,0.04,15.000,22.000,22.000
"Jan 01, 2021 - Dec 31, 2021",All Vehicles - StL All Vehicles Volume,N/A,East 77th Street / 165899762 / 2,0.124,yes,90,yes,2021-11,1: Weekday (M-Th),2: Peak AM (6am-10am),92,17,27,21.263,0.786,11.48,0.15,10.000,22.000,22.000
"Jan 01, 2021 - Dec 31, 2021",All Vehicles - StL All Vehicles Volume,N/A,East 77th Street / 165899762 / 2,0.124,yes,90,yes,2021-11,1: Weekday (M-Th),3: Mid-Day (10am-3pm),142,16,28,21.263,0.742,17.69,0.29,4.000,21.000,22.000
"Jan 01, 2021 - Dec 31, 2021",All Vehicles - StL All Vehicles Volume,N/A,East 77th Street / 165899762 / 2,0.124,yes,90,yes,2021-11,1: Weekday (M-Th),4: Peak PM (3pm-7pm),150,15,29,21.263,0.719,18.70,0.34,7.000,19.000,22.000
"Jan 01, 2021 - Dec 31, 2021",All Vehicles - StL All Vehicles Volume,N/A,East 77th Street / 165899762 / 2,0.124,yes,90,yes,2021-11,1: Weekday (M-Th),5: Late PM (7pm-12am),72,15,30,21.263,0.713,9.00,0.17,9.000,18.000,22.000
"Jan 01, 2021 - Dec 31, 2021",All Vehicles - StL All Vehicles Volume,N/A,East 77th Street / 165899762 / 2,0.124,yes,90,yes,2021-11,2: Weekend (Sa-Su),0: All Day (12am-12am),317,15,30,21.263,0.700,39.44,0.79,4.000,19.000,22.000
"Jan 01, 2021 - Dec 31, 2021",All Vehicles - StL All Vehicles Volume,N/A,East 77th Street / 165899762 / 2,0.124,yes,90,yes,2021-11,2: Weekend (Sa-Su),1: Early AM (12am-6am),31,15,30,21.263,0.711,3.85,0.07,3.000,22.000,22.000
"Jan 01, 2021 - Dec 31, 2021",All Vehicles - StL All Vehicles Volume,N/A,East 77th Street / 165899762 / 2,0.124,yes,90,yes,2021-11,2: Weekend (Sa-Su),2: Peak AM (6am-10am),41,17,26,21.263,0.799,5.13,0.06,12.000,20.000,22.000
"Jan 01, 2021 - Dec 31, 2021",All Vehicles - StL All Vehicles Volume,N/A,East 77th Street / 165899762 / 2,0.124,yes,90,yes,2021-11,2: Weekend (Sa-Su),3: Mid-Day (10am-3pm),97,15,30,21.263,0.703,12.02,0.24,4.000,21.000,22.000
"Jan 01, 2021 - Dec 31, 2021",All Vehicles - StL All Vehicles Volume,N/A,East 77th Street / 165899762 / 2,0.124,yes,90,yes,2021-11,2: Weekend (Sa-Su),4: Peak PM (3pm-7pm),75,15,30,21.263,0.691,9.33,0.20,3.000,22.000,22.000
"Jan 01, 2021 - Dec 31, 2021",All Vehicles - StL All Vehicles Volume,N/A,East 77th Street / 165899762 / 2,0.124,yes,90,yes,2021-11,2: Weekend (Sa-Su),5: Late PM (7pm-12am),73,14,33,21.263,0.645,9.10,0.24,6.000,17.000,19.000
"Jan 01, 2021 - Dec 31, 2021",All Vehicles - StL All Vehicles Volume,N/A,East 77th Street / 165899762 / 1,0.126,yes,90,yes,2021-12,0: All Days (M-Su),0: All Day (12am-12am),459,16,28,21.267,0.773,57.94,0.80,4.000,22.000,27.000
"Jan 01, 2021 - Dec 31, 2021",All Vehicles - StL All Vehicles Volume,N/A,East 77th Street / 165899762 / 1,0.126,yes,90,yes,2021-12,0: All Days (M-Su),1: Early AM (12am-6am),37,17,26,21.267,0.819,4.66,0.05,8.000,23.000,27.000
"Jan 01, 2021 - Dec 31, 2021",All Vehicles - StL All Vehicles Volume,N/A,East 77th Street / 165899762 / 1,0.126,yes,90,yes,2021-12,0: All Days (M-Su),2: Peak AM (6am-10am),79,18,26,21.267,0.823,9.94,0.10,4.000,24.000,30.000
"Jan 01, 2021 - Dec 31, 2021",All Vehicles - StL All Vehicles Volume,N/A,East 77th Street / 165899762 / 1,0.126,yes,90,yes,2021-12,0: All Days (M-Su),3: Mid-Day (10am-3pm),121,17,27,21.267,0.785,15.25,0.20,4.000,23.000,28.000
"Jan 01, 2021 - Dec 31, 2021",All Vehicles - StL All Vehicles Volume,N/A,East 77th Street / 165899762 / 1,0.126,yes,90,yes,2021-12,0: All Days (M-Su),4: Peak PM (3pm-7pm),128,15,29,21.267,0.725,16.19,0.29,4.000,21.000,23.000
"Jan 01, 2021 - Dec 31, 2021",All Vehicles - StL All Vehicles Volume,N/A,East 77th Street / 165899762 / 1,0.126,yes,90,yes,2021-12,0: All Days (M-Su),5: Late PM (7pm-12am),94,16,28,21.267,0.764,11.91,0.17,5.000,21.000,24.000
"Jan 01, 2021 - Dec 31, 2021",All Vehicles - StL All Vehicles Volume,N/A,East 77th Street / 165899762 / 1,0.126,yes,90,yes,2021-12,1: Weekday (M-Th),0: All Day (12am-12am),531,16,28,21.267,0.774,66.93,0.92,4.000,22.000,27.000
"Jan 01, 2021 - Dec 31, 2021",All Vehicles - StL All Vehicles Volume,N/A,East 77th Street / 165899762 / 1,0.126,yes,90,yes,2021-12,1: Weekday (M-Th),1: Early AM (12am-6am),41,18,26,21.267,0.829,5.12,0.05,5.000,21.000,28.000
"Jan 01, 2021 - Dec 31, 2021",All Vehicles - StL All Vehicles Volume,N/A,East 77th Street / 165899762 / 1,0.126,yes,90,yes,2021-12,1: Weekday (M-Th),2: Peak AM (6am-10am),100,18,26,21.267,0.829,12.65,0.12,4.000,24.000,30.000
"Jan 01, 2021 - Dec 31, 2021",All Vehicles - StL All Vehicles Volume,N/A,East 77th Street / 165899762 / 1,0.126,yes,90,yes,2021-12,1: Weekday (M-Th),3: Mid-Day (10am-3pm),135,17,27,21.267,0.788,16.98,0.21,4.000,23.000,29.000
"Jan 01, 2021 - Dec 31, 2021",All Vehicles - StL All Vehicles Volume,N/A,East 77th Street / 165899762 / 1,0.126,yes,90,yes,2021-12,1: Weekday (M-Th),4: Peak PM (3pm-7pm),152,15,30,21.267,0.711,19.19,0.37,4.000,21.000,23.000
"Jan 01, 2021 - Dec 31, 2021",All Vehicles - StL All Vehicles Volume,N/A,East 77th Street / 165899762 / 1,0.126,yes,90,yes,2021-12,1: Weekday (M-Th),5: Late PM (7pm-12am),103,17,27,21.267,0.776,12.99,0.18,5.000,21.000,24.000
"Jan 01, 2021 - Dec 31, 2021",All Vehicles - StL All Vehicles Volume,N/A,East 77th Street / 165899762 / 1,0.126,yes,90,yes,2021-12,2: Weekend (Sa-Su),0: All Day (12am-12am),301,16,28,21.267,0.767,37.95,0.54,5.000,22.000,27.000
"Jan 01, 2021 - Dec 31, 2021",All Vehicles - StL All Vehicles Volume,N/A,East 77th Street / 165899762 / 1,0.126,yes,90,yes,2021-12,2: Weekend (Sa-Su),1: Early AM (12am-6am),30,17,26,21.267,0.813,3.84,0.04,8.000,23.000,27.000
"Jan 01, 2021 - Dec 31, 2021",All Vehicles - StL All Vehicles Volume,N/A,East 77th Street / 165899762 / 1,0.126,yes,90,yes,2021-12,2: Weekend (Sa-Su),2: Peak AM (6am-10am),30,17,26,21.267,0.815,3.74,0.04,7.000,28.000,33.000
"Jan 01, 2021 - Dec 31, 2021",All Vehicles - StL All Vehicles Volume,N/A,East 77th Street / 165899762 / 1,0.126,yes,90,yes,2021-12,2: Weekend (Sa-Su),3: Mid-Day (10am-3pm),87,16,28,21.267,0.774,10.96,0.15,5.000,22.000,28.000
"Jan 01, 2021 - Dec 31, 2021",All Vehicles - StL All Vehicles Volume,N/A,East 77th Street / 165899762 / 1,0.126,yes,90,yes,2021-12,2: Weekend (Sa-Su),4: Peak PM (3pm-7pm),79,16,29,21.267,0.738,9.99,0.17,5.000,20.000,23.000
"Jan 01, 2021 - Dec 31, 2021",All Vehicles - StL All Vehicles Volume,N/A,East 77th Street / 165899762 / 1,0.126,yes,90,yes,2021-12,2: Weekend (Sa-Su),5: Late PM (7pm-12am),75,16,28,21.267,0.753,9.41,0.15,5.000,22.000,24.000
"Jan 01, 2021 - Dec 31, 2021",All Vehicles - StL All Vehicles Volume,N/A,East 77th Street / 165899762 / 2,0.124,yes,90,yes,2021-12,0: All Days (M-Su),0: All Day (12am-12am),357,15,31,18.114,0.809,44.41,0.58,4.000,19.000,22.000
"Jan 01, 2021 - Dec 31, 2021",All Vehicles - StL All Vehicles Volume,N/A,East 77th Street / 165899762 / 2,0.124,yes,90,yes,2021-12,0: All Days (M-Su),1: Early AM (12am-6am),23,15,30,18.114,0.826,2.88,0.03,8.000,18.000,22.000
"Jan 01, 2021 - Dec 31, 2021",All Vehicles - StL All Vehicles Volume,N/A,East 77th Street / 165899762 / 2,0.124,yes,90,yes,2021-12,0: All Days (M-Su),2: Peak AM (6am-10am),61,16,28,18.114,0.882,7.55,0.06,7.000,20.000,22.000
"Jan 01, 2021 - Dec 31, 2021",All Vehicles - StL All Vehicles Volume,N/A,East 77th Street / 165899762 / 2,0.124,yes,90,yes,2021-12,0: All Days (M-Su),3: Mid-Day (10am-3pm),100,14,31,18.114,0.796,12.44,0.18,4.000,19.000,22.000
"Jan 01, 2021 - Dec 31, 2021",All Vehicles - StL All Vehicles Volume,N/A,East 77th Street / 165899762 / 2,0.124,yes,90,yes,2021-12,0: All Days (M-Su),4: Peak PM (3pm-7pm),107,14,31,18.114,0.796,13.25,0.19,5.000,18.000,22.000
"Jan 01, 2021 - Dec 31, 2021",All Vehicles - StL All Vehicles Volume,N/A,East 77th Street / 165899762 / 2,0.124,yes,90,yes,2021-12,0: All Days (M-Su),5: Late PM (7pm-12am),67,14,32,18.114,0.779,8.29,0.13,4.000,18.000,22.000
"Jan 01, 2021 - Dec 31, 2021",All Vehicles - StL All Vehicles Volume,N/A,East 77th Street / 165899762 / 2,0.124,yes,90,yes,2021-12,1: Weekday (M-Th),0: All Day (12am-12am),421,15,30,18.114,0.812,52.31,0.67,5.000,19.000,22.000
"Jan 01, 2021 - Dec 31, 2021",All Vehicles - StL All Vehicles Volume,N/A,East 77th Street / 165899762 / 2,0.124,yes,90,yes,2021-12,1: Weekday (M-Th),1: Early AM (12am-6am),26,15,30,18.114,0.819,3.18,0.04,8.000,18.000,22.000
"Jan 01, 2021 - Dec 31, 2021",All Vehicles - StL All Vehicles Volume,N/A,East 77th Street / 165899762 / 2,0.124,yes,90,yes,2021-12,1: Weekday (M-Th),2: Peak AM (6am-10am),78,16,28,18.114,0.882,9.67,0.07,7.000,20.000,22.000
"Jan 01, 2021 - Dec 31, 2021",All Vehicles - StL All Vehicles Volume,N/A,East 77th Street / 165899762 / 2,0.124,yes,90,yes,2021-12,1: Weekday (M-Th),3: Mid-Day (10am-3pm),114,14,31,18.114,0.799,14.24,0.20,4.000,19.000,22.000
"Jan 01, 2021 - Dec 31, 2021",All Vehicles - StL All Vehicles Volume,N/A,East 77th Street / 165899762 / 2,0.124,yes,90,yes,2021-12,1: Weekday (M-Th),4: Peak PM (3pm-7pm),123,15,31,18.114,0.807,15.27,0.20,6.000,18.000,21.000
"Jan 01, 2021 - Dec 31, 2021",All Vehicles - StL All Vehicles Volume,N/A,East 77th Street / 165899762 / 2,0.124,yes,90,yes,2021-12,1: Weekday (M-Th),5: Late PM (7pm-12am),80,14,32,18.114,0.769,9.95,0.17,4.000,18.000,22.000
"Jan 01, 2021 - Dec 31, 2021",All Vehicles - StL All Vehicles Volume,N/A,East 77th Street / 165899762 / 2,0.124,yes,90,yes,2021-12,2: Weekend (Sa-Su),0: All Day (12am-12am),230,14,32,18.114,0.778,28.57,0.45,4.000,18.000,22.000
"Jan 01, 2021 - Dec 31, 2021",All Vehicles - StL All Vehicles Volume,N/A,East 77th Street / 165899762 / 2,0.124,yes,90,yes,2021-12,2: Weekend (Sa-Su),1: Early AM (12am-6am),15,14,32,18.114,0.784,1.82,0.03,5.000,18.000,18.000
"Jan 01, 2021 - Dec 31, 2021",All Vehicles - StL All Vehicles Volume,N/A,East 77th Street / 165899762 / 2,0.124,yes,90,yes,2021-12,2: Weekend (Sa-Su),2: Peak AM (6am-10am),21,15,29,18.114,0.855,2.65,0.02,10.000,21.000,22.000
"Jan 01, 2021 - Dec 31, 2021",All Vehicles - StL All Vehicles Volume,N/A,East 77th Street / 165899762 / 2,0.124,yes,90,yes,2021-12,2: Weekend (Sa-Su),3: Mid-Day (10am-3pm),74,14,33,18.114,0.754,9.19,0.17,3.000,18.000,22.000
"Jan 01, 2021 - Dec 31, 2021",All Vehicles - StL All Vehicles Volume,N/A,East 77th Street / 165899762 / 2,0.124,yes,90,yes,2021-12,2: Weekend (Sa-Su),4: Peak PM (3pm-7pm),68,14,32,18.114,0.782,8.45,0.13,5.000,18.000,22.000
"Jan 01, 2021 - Dec 31, 2021",All Vehicles - StL All Vehicles Volume,N/A,East 77th Street / 165899762 / 2,0.124,yes,90,yes,2021-12,2: Weekend (Sa-Su),5: Late PM (7pm-12am),52,14,32,18.114,0.776,6.46,0.10,3.000,18.000,22.000
